code,product_name,brands,categories_en,labels_tags,countries_en,ingredients_text,additives_tags,greenwash_label,annotation_notes,image_front_url
37600198776,Natural Choice Flame Seared Herb Turkey Breast,Hormel,,,United States,"Turkey breast, turkey broth, salt, turbinado sugar, potato starch, olive oil, baking soda, natural flavoring.",,Low,,https://images.openfoodfacts.org/images/products/003/760/019/8776/front_en.jpg
11110826497,Extra Cherry Mixed Fruit In Natural Cherry Flavored Light Syrup,Kroger,,,United States,"Peaches, water, pears, grapes, sugar, halved cherries (colored red with carmine), natural flavor.",en:e120,Low,,https://images.openfoodfacts.org/images/products/001/111/082/6497/front_en.jpg
23923320017,"Organic Baby Food Puree, Pear Carrot Apricot",Earth's Best,,,United States,"Organic pear, organic carrot puree, water, organic apricot, citric acid, vitamin a palmitate, mixed tocopherols (vitamin e), zinc sulfate, ascorbic acid.","en:e300,en:e307c,en:e330",Medium,,https://images.openfoodfacts.org/images/products/002/392/332/0017/front_en.jpg
33776100308,"Natural Rich Roast Peanut Butter & Oil Blend, Creamy",Smart Balance,,,United States,"Peanut butter (peanuts, dried cane syrup, salt, molasses), oil blend (palm fruit and flaxseed oils).",,Low,,https://images.openfoodfacts.org/images/products/003/377/610/0308/front_en.jpg
27064571031,Organic Spelt Elbows,Nature's Legacy,,,United States,"Organic spelt (wheat), flour (unbleached), unbromated & uneriched) and water.",,Low,,https://images.openfoodfacts.org/images/products/002/706/457/1031/front_en.jpg
16291442375,100|% Organic Coarse Ground Black Pepper,Morton & Bassett Spices,,,United States,Contains: certified 100% organic coarse ground black pepper,,Low,,https://images.openfoodfacts.org/images/products/001/629/144/2375/front_en.jpg
35971802025,Organic Asparagus & Cheese,Markets Of Meijer,,,United States,"Organic asparagus & organic parmesan hard grating cheese (organic pasteurized milk, cheese culture, salt, enzymes), powdered cellulose (to prevent caking). asparagus & cheese - organic asparagus & organic parmesan cheese","en:e460,en:e460ii",Low,,https://images.openfoodfacts.org/images/products/003/597/180/2025/front_en.jpg
39047001404,Pure Butter : Shortbread Rounds,"Walkers, Walkers Shortbread Ltd",,,"Switzerland,United States","farine de blé (farine de blé, carbonate de calcium, fer, niacine, thiamine), beurre (lait) (32%), sucre, sel","en:e170,en:e375",Low,,https://images.openfoodfacts.org/images/products/003/904/700/1404/front_en.jpg
11150046251,Crushed Tomatoes With Basil In Heavy Puree,Roundy's,,,United States,"Diced tomatoes, crushed tomatoes (water, concentrated crushed tomatoes), salt, basil, citric acid.",en:e330,Low,,https://images.openfoodfacts.org/images/products/001/115/004/6251/front_en.jpg
13000656320,Gluten Free Fusilli Pasta,Biaglut,,,United States,"Corn and potato starch, lupin flour, mono and diglycerides (emulsifier).",en:e471,Low,,https://images.openfoodfacts.org/images/products/001/300/065/6320/front_en.jpg
30684020537,Organic Tomato Sauce,Tree Of Life,,,United States,"Organic tomato puree, sea salt, organic sugar, organic red pepper, naturally derived citric acid.",en:e330,Low,,https://images.openfoodfacts.org/images/products/003/068/402/0537/front_en.jpg
21140181275,"Apples & Cinnamon Naturally Flavored Instant Oatmeal, Apples, Cinnamon",Winn-Dixie,,,United States,"Whole grain rolled oats (with oat bran), sugar, dehydrated apples (treated with sulfur dioxide and sodium sulfite to promote color retention), cinnamon, salt, calcium carbonate (a source of calcium), natural flavors, citric acid, guar gum, ferric orthophosphate ( a source of iron), niacinamide*, pyridoxine hydrochloride (vitamin b6)*, riboflavin*, vitamin a palmitate, thiamine mononitrate*, folic acid*. * one of the b vitamins.","en:e101,en:e101i,en:e170,en:e330,en:e412",Low,,https://images.openfoodfacts.org/images/products/002/114/018/1275/front_en.jpg
11150040211,Organic Soymilk,Simply Roundy's,,,United States,"Organic soymilk (filtered water, whole organic soybeans), organic evaporated cane syrup, calcium carbonate, natural flavors, sea salt, carrageenan, vitamin a palmitate, vitamin d2, riboflavin (vitamin b2), vitamin b12.","en:e101,en:e101i,en:e170,en:e407",Medium,,https://images.openfoodfacts.org/images/products/001/115/004/0211/front_en.jpg
20728709030,"Coast Fruit, Organic Pico De Gallo","Pacific,  Pacific Coast Fruit",,,United States,"Organic tomatoes, organic yellow onion, lime juice, organic jalapeno pepper, organic cilantro, kosher salt, black pepper.",,Low,,https://images.openfoodfacts.org/images/products/002/072/870/9030/front_en.jpg
72220008586,Organic 100% Whole Wheat,Franz,,,United States,"Ingredients: organic whole wheat flour, filtered water, organic cracked wheat, organic brown sugar, organic honey, contains 2% or less of each of the following: yeast, sea salt, organic soybean oil, organic cultured wheat flour, organic wheat bran, organi",,Low,,https://images.openfoodfacts.org/images/products/007/222/000/8586/front_en.jpg
11150982641,"Organic, Organic Dark Red Kidney Beans","Simply Roundy's,  Simply Roundy's Organic",,,United States,"Water, organic dark red kidney beans, sea salt.",,Low,,https://images.openfoodfacts.org/images/products/001/115/098/2641/front_en.jpg
8005125193,Organic Tortellini Pasta,Nuovo Pasta,,,United States,"Filling: organic cheese blend (ricotta cheese, mozzarella cheese, cheddar cheese [milk, vinegar, salt, cheese cultures, enzymes]), organic breadcrumbs (wheat flour, evaporated cane syrup, yeast, sea salt), organic spinach, organic spinach powder, organic",,Low,,https://images.openfoodfacts.org/images/products/000/800/512/5193/front_en.jpg
33400721756,"Healthy Harvest, Whole Wheat Pasta & Ancient Grains","Ronzoni,  New World Pasta Company",,,United States,"Whole durum wheat flour, whole grain flour blend (quinoa, amaranth, millet, sorghum, teff)",,Low,,https://images.openfoodfacts.org/images/products/003/340/072/1756/front_en.jpg
33776100889,Natural Peanut Butter And Flaxseed,"Earth Balance,  Pinnacle Foods Group Llc",,,United States,"Peanuts, flaxseed, agave syrup, peanut oil, palm fruit oil, and salt.",,Low,,https://images.openfoodfacts.org/images/products/003/377/610/0889/front_en.jpg
41415342439,Organic Ice Cream,Publix Super Markets  Inc.,,,United States,"Organic milk, organic cream, organic cane sugar, organic carob bean gum, organic guar gum, organic vanilla extract and organic ground vanilla beans.","en:e410,en:e412",Low,,https://images.openfoodfacts.org/images/products/004/141/534/2439/front_en.jpg
36632018779,Naturally And Artificial Flavored,The Dannon Company  Inc.,,,United States,"Ingredients: cultured grade a low fat milk, water, sugar, fructose, modified tapioca starch, contains less than 1% of whey protein concentrate, modified corn starch, natural and artificial flavors, pineapple juice concentrate, citric acid, sodium citrate,","en:e330,en:e331",Medium,,https://images.openfoodfacts.org/images/products/003/663/201/8779/front_en.jpg
36800051140,Shredded Mozzarella Natural Cheese,Food Club,,,United States,"Pasteurized part-skim milk, cheese culture, salt and enzymes, potato starch, corn starch and calcium sulfate added to prevent caking, natamycin (a natural mold inhibitor).",en:e235,Low,,https://images.openfoodfacts.org/images/products/003/680/005/1140/front_en.jpg
24182011586,Organic Tamari Soy Sauce,"Eden,  Eden Foods  Inc.",,,United States,"Water, whole organic soybeans, sea salt, organic grain alcohol to preserve freshness, koji aspergillus oryzae.",,Low,,https://images.openfoodfacts.org/images/products/002/418/201/1586/front_en.jpg
41000022975,Fettuccini & Broccoli In A Chicken Flavored Sauce With Other Natural Flavor,Unilever,,,United States,"Enriched macaroni product [semolina and durum flour (wheat), niacin, ferrous sulfate (iron), thiamin mononitrate (vitamin b1), riboflavin (vitamin b2), folic acid], corn syrup solids, hydrolyzed soy protein, chicken fat (with rosemary extract to protect quality), corn starch, chicken powder, onion powder, broccoli*, salt, red bell pepper*, sodium citrate, potassium chloride,spices, garlic powder, yeast extract, disodium guanylate, disodium inosinate, natural flavor (milk), paprika and extract of turmeric (for color), chicken broth*, soybean oil, whey (milk), nonfat milk*.","en:e101,en:e101i,en:e331,en:e375,en:e508,en:e627,en:e631",Medium,,https://images.openfoodfacts.org/images/products/004/100/002/2975/front_en.jpg
35742221116,"No Salt Added Broth, Chicken",Health Valley,,,United States,"Filtered water, concentrated chicken broth, chicken fat, onion powder, turmeric, ground celery seeds, white pepper",,Low,,https://images.openfoodfacts.org/images/products/003/574/222/1116/front_en.jpg
36800093072,Organic Petite Diced Tomatoes In Water With Green Chilies,"Full Circle Market,  Topco Associates Llc",,,United States,"Organic diced tomatoes, water, organic chopped green jalapeno chili peppers, sea salt, organic vinegar, organic cilantro, citric acid, calcium chloride.","en:e330,en:e509",Medium,,https://images.openfoodfacts.org/images/products/003/680/009/3072/front_en.jpg
11535501337,"Organic Instant Oatmeal, Apple Cinnamon",Wild Harvest,,,United States,"Organic rolled oats, organic dehydrated cane syrup solids, organic dehydrated apples (treated with ascorbic acid, citric acid and calcium chloride to preservative color), organic cinnamon, natural flavor, sea salt.",en:e300,Low,,https://images.openfoodfacts.org/images/products/001/153/550/1337/front_en.jpg
41000344060,"Liquid Iced Black Tea Mix, Tropical Mango Flavor With Other Natural Flavor",Lipton,,,United States,"Tea concentrate (water, black tea powder), glycerin, cane sugar, malic acid and citric acid (provides tartness), caramel color (contains sulfites), sucralose (non-nutritive sweetener), carrot juice (color), natural flavor, apple juice concentrate.","en:e150a,en:e330,en:e422,en:e955",Medium,,https://images.openfoodfacts.org/images/products/004/100/034/4060/front_en.jpg
41190049325,Organic Cannellini Beans,Shoprite,,,United States,"Prepared organic cannellini beans, water, and sea salt.",,Low,,https://images.openfoodfacts.org/images/products/004/119/004/9325/front_en.jpg
23882197637,"All Natural Flavored Cane Sugar, Almond Vanilla",Leila Bay Trading Company,,,United States,"Sugar crystals raw, vanilla extract, almond extract.",,Low,,https://images.openfoodfacts.org/images/products/002/388/219/7637/front_en.jpg
22852417102,"Organic Ice Cream, Candy Bar",Double Rainbow,,,United States,"Organic milk, organic cream, organic cane sugar, organic caramel (organic cane sugar, organic rice syrup, water, organic cream, organic corn starch, salt, xanthan gum, organic soy lecithin, sodium carbonate, organic vanilla flavor), organic nougat base (water, organic cane sugar, organic brown rice syrup, organic cream, organic corn starch, organic caramel, salt, organic soy lecithin, xanthan gum, organic vanilla flavor, sodium bicarbonate), organic dark chocolate covered peanuts (organic bittersweet chocolate [organic cocoa beans, organic cane sugar, organic cocoa butter, organic soy lecithin], organic peanuts), organic peanut butter (organic peanuts, salt), organic egg yolks, organic vanilla extract, organic carob bean gum, organic guar gum.","en:e322,en:e322i,en:e410,en:e412,en:e415,en:e500,en:e500i,en:e500ii",Low,,https://images.openfoodfacts.org/images/products/002/285/241/7102/front_en.jpg
35826094582,Sugar Free Syrup,Food Town Stores Inc.,,,United States,"Water, sorbitol, cellulose gum, natural and artificial flavors, salt, aspartame, citric acid, caramel color, sodium benzoate & sorbic acid (preservatives), acesulfame potassium.","en:e150a,en:e200,en:e330,en:e420,en:e420i,en:e466,en:e950,en:e951",High,,https://images.openfoodfacts.org/images/products/003/582/609/4582/front_en.jpg
25317656009,Uncured Organic Genoa Salami,Applegate Organics,Genoa-salami,"en:organic,en:usda-organic",United States,"ORGANIC PORK*, SEA SALT. CONTAINS LESS THAN 2% OF THE FOLLOWING: ORGANIC DEXTROSE, CULTURED CELERY JUICE POWDER, ORGANIC SPICES, ORGANIC GARLIC POWDER, LACTIC ACID STARTED CULTURE (NOT FROM MILK). GLUTEN & CASEIN FREE.",,Low,,https://images.openfoodfacts.org/images/products/002/531/765/6009/front_en.jpg
39215,Lundberg Organic Golden Rose Medium Brown Rice,Unfi,,,United States,Organic golden rose medium brown rice,,Low,,https://images.openfoodfacts.org/images/products/000/000/003/9215/front_en.jpg
41244006434,"Martinelli's, Gold Medal, Organic Apple Juice",S. Martinelli & Co.,,,United States,100% pure apple juice from fresh u.s. organically grown apples.,,Low,,https://images.openfoodfacts.org/images/products/004/124/400/6434/front_en.jpg
39047018136,Pure Butter Scottie Dogs Shortbread,Walkers,,,United States,"Wheat flour, butter, sugar, salt.",,Low,,https://images.openfoodfacts.org/images/products/003/904/701/8136/front_en.jpg
41420477294,"Organic, Organic Fruity Chews, Lemon, Orange, Mango, Cherry","Black Forest,  Black Forest Organic",,,United States,"Organic tapioca syrup, organic cane sugar, organic palm oil, citric acid, organic tapioca starch, fruit and vegetable juices added for color (radish, apple, blackcurrant, carrot), turmeric (color), natural flavors, organic sunflower lecithin.","en:e322,en:e322i,en:e330",Low,,https://images.openfoodfacts.org/images/products/004/142/047/7294/front_en.jpg
12511305000,Organic Sucanat Dehydrated Cane Juice,Wholesome,,,United States,Organic dehydrated cane juice*.,,Low,,https://images.openfoodfacts.org/images/products/001/251/130/5000/front_en.jpg
24182021660,"Organic Muesli, Cinnamon","Eden,  Eden Foods  Inc.",,,United States,*oat flakes *rye flakes *spelt flakes *raisins *cranberries (*cranberries *apple juice concentrate *sunflower oil) *wild blueberries (*wild blueberries *apple juice concentrate *sunflower oil) *roasted and salted pumpkin seeds *raw sunflower seeds *cinnam,,Low,,https://images.openfoodfacts.org/images/products/002/418/202/1660/front_en.jpg
11150511193,Organic Fat Free Milk,Roundy's,,,United States,"Organic grade a fat free milk, vitamin a palmitate, vitamin d3.",,Low,,https://images.openfoodfacts.org/images/products/001/115/051/1193/front_en.jpg
41190046867,Organic Tomato Ketchup,Shoprite,"Groceries,Sauces,Tomato sauces,Ketchup",,United States,"Organic tomato puree, organic sugar, organic white vinegar, salt, organic onion powder and organic spices",,Low,,https://images.openfoodfacts.org/images/products/004/119/004/6867/front_en.jpg
11150950077,"Organic Enriched Soymilk, Vanilla",Roundy's,,,United States,"Filtered water, whole organic soybeans, evaporated organic cane juice, calcium carbonate, natural flavors, carrageenan, sea salt, organic vanilla extract, sodium citrate, potassium citrate, vitamin a palmitate, vitamin d2, vitamin e, vitamin b2 (riboflavi","en:e101,en:e101i,en:e170,en:e331,en:e332,en:e407",Medium,,https://images.openfoodfacts.org/images/products/001/115/095/0077/front_en.jpg
11150980593,Healthy Heart Mix,Roundy's,,,United States,"Roasted almonds (almonds(usa), sunflower oil), raw walnuts (usa), roasted pecans(usa), sunflower oil), roasted pistachios (pistachios(usa), sunflower oil, sea salt), raw filberts (turkey).",,Low,,https://images.openfoodfacts.org/images/products/001/115/098/0593/front_en.jpg
25317532006,The Great Organic Uncured Beef Hot Dog,Applegate,,,United States,"Organic grass-fed beef*, water. contains less than 2% of the following: sea salt, organic spices, organic dehydrated garlic, organic dehydrated onion, organic paprika, celery powder.",,Low,,https://images.openfoodfacts.org/images/products/002/531/753/2006/front_en.jpg
25317005913,"Naturals, Breakfast Sausage Patties, Chicken & Maple",Applegate,,,United States,"Chicken**, water, sugar, maple syrup, contains less than 2% of the following: salt, spices, natural maple flavor (caramelized sugar, natural flavor, natural maple syrup, brown sugar molasses).",,Low,,https://images.openfoodfacts.org/images/products/002/531/700/5913/front_en.jpg
41497096275,100% Pure Orange Juice Not Form Concentrate,Weis Markets  Inc.,,,United States,"Orange juice, orange juice pulp.",,Low,,https://images.openfoodfacts.org/images/products/004/149/709/6275/front_en.jpg
11213523644,Pure Michigan Vitamin A & D Fat Free Milk,Spartan,,,United States,"Fat free milk, vitamin a plamitate, vitamin d3.",,Low,,https://images.openfoodfacts.org/images/products/001/121/352/3644/front_en.jpg
22014110407,"North Coast, Organic Apple Juice",Manzana Products Co Inc,,,United States,"Pasteurized, unfiltered juice from 100% certified organic apples.",,Low,,https://images.openfoodfacts.org/images/products/002/201/411/0407/front_en.jpg
13609020546,Organic Cupcake,Just Desserts,,,United States,"Organic carrots, organic evaporated cane juice, organic powdered sugar, certified 100% organic wheat flour, cage free organic whole eggs, organic expeller pressed canola oil, organic cultured cream cheese (organic skim milk, organic cream, organic skim mi",,Low,,https://images.openfoodfacts.org/images/products/001/360/902/0546/front_en.jpg
20662005434,"All Natural Pizza, Thin & Crispy Multi-Grain With Flaxseed",Newman's Own  Inc.,,,United States,"Multigrain crust (wheat flour, water, vegetable oil [canola oil, pure olive oil], yeast sugar, salt, whole oat flour), sauce (tomatoes [diced tomatoes, tomato juice], water, tomato paste, fire roasted red bell pepper puree, extra virgin olive oil, red win",,Low,,https://images.openfoodfacts.org/images/products/002/066/200/5434/front_en.jpg
41000273643,"Frozen Birthday Cake Dessert Bar, Naturally And Artificially Flavored","Good Humor,  Unilever",,,United States,"Nonfat milk, rainbow crunch (bleached wheat flour, sugar, palm oil, salt, natural flavor, soy lecithin, red 3, blue 1 lake, yellow 5 lake, baking soda), corn syrup, sugar, water, palm oil, soybean oil, coconut oil, less than 2% of: whey, mono and diglycerides, guar gum, locust bean gum, caramel color, carrageenan, natural and artificial flavor, annatto (for color), vitamin a palmitate.","en:e150a,en:e160b,en:e322,en:e322i,en:e407,en:e410,en:e412,en:e471",Medium,,https://images.openfoodfacts.org/images/products/004/100/027/3643/front_en.jpg
24000367024,Mandarin Orange,"Del Monte,  Del Monte Foods",,,United States,"Mandarin oranges, water, sorbitol, ascorbic acid (to preserve color), acesulfame potassium, sucralose, cellulose, citric acid.","en:e300,en:e330,en:e420,en:e420i,en:e460,en:e950,en:e955",Low,,https://images.openfoodfacts.org/images/products/002/400/036/7024/front_en.jpg
20662003942,Organic Lite Balsamic Vinaigrette,Newman's Own,,,United States,"Water, organic balsamic vinegar, organic soybean oil, organic distilled vinegar, organic sugar, salt, contains 2% or less of: organic green onion*, gum arabic, guar gum.","en:e412,en:e414",Low,,https://images.openfoodfacts.org/images/products/002/066/200/3942/front_en.jpg
13764027312,"Millon Dollar Bun, Seeded Organic Buns",Dave's Killer Bread,,,United States,"Organic flour (organic whole wheat flour, organic wheat flour), water, good seed mix (organic whole flax seeds, organic sunflower seeds, organic un-hulled brown sesame seeds, organic ground whole flax seeds, organic un-hulled black sesame seeds), organic dried cane syrup (sugar), organic expeller pressed canola oil, organic wheat gluten, organic molasses, yeast, sea salt, organic cultured whole wheat, organic rice bran extract.",,Low,,https://images.openfoodfacts.org/images/products/001/376/402/7312/front_en.jpg
21908476230,Organic Nut Protein Chewy Bars,Small Planet Foods  Inc.,,,United States,"Peanuts*, peanut butter* (peanuts*, salt), honey*, tapioca syrup*, pea protein*, almonds*, rice flour*, sunflower oil*, sea salt.",,Low,,https://images.openfoodfacts.org/images/products/002/190/847/6230/front_en.jpg
13130006989,"Hot Cereal, Gluten Free",Cream Of Rice,,,United States,"Granulated rice, ferric orthophosphate, niacinamide, thiamine mononitrate, riboflavin.","en:e101,en:e101i",Low,,https://images.openfoodfacts.org/images/products/001/313/000/6989/front_en.jpg
29737103396,Mafaldine Pasta,"Severino,  Severino Pasta Mfg.",,,United States,"Semolina flour (niacin, ferrous lactate, thiamine mononitrate, riboflavin, folic acid), water.","en:e101,en:e101i,en:e375,en:e585",Low,,https://images.openfoodfacts.org/images/products/002/973/710/3396/front_en.jpg
15400196901,Organic Apple Cider Vinegar,Natural Directions,,,United States,"Organic raw apple cider vinegar and water to 5% acidity. (unfiltered, unpasteurized).",,Low,,https://images.openfoodfacts.org/images/products/001/540/019/6901/front_en.jpg
39217044224,Organic 100% Whole Wheat & Honey Bagel,Papa's,,,United States,"Organic whole wheat flour, water, organic wheat flour, organic cane sugar, yeast, organic wheat gluten, organic honey, wheat starch (organic wheat starch, organic whole wheat flour, lactic acid bacteria culture), sea salt, organic canola oil and/or organic soybean oil, organic sunflower lecithin and/or organic soy lecithin, organic oat fiber, organic enzyme (organic cornstarch, organic soybean lecithin, enzymes [plant based], tri-calcium phosphate), citric acid (citric acid, carnauba wax).","en:e322,en:e322i,en:e330,en:e341,en:e903",Low,,https://images.openfoodfacts.org/images/products/003/921/704/4224/front_en.jpg
16000409972,Party Rainbow Chip cake mix,"Betty Crocker,General Mills",Cake-mix,,United States,"Enriched flour bleached (_wheat_ flour, niacin, iron, thiamin mononitrate, riboflavin, folic acid), Sugar, Corn Syrup, Leavening (baking soda, sodium aluminum phosphate, monocalcium phosphate). Contains 2% or less of: Modified corn starch, vegetable oil (palm oil and/or partially hydrogenated _soybean_ oil and/or cottonseed oil), corn starch, propylene glycol mono and diesters of fatty acids, salt, distilled monoglycerides, corn cereal, dicalcium phosphate, sodium stearoyl lactylate, xanthan gum, cellulose gum, natural and artificial flavor, color (yellow 5, yellow 6, red 40, blue 1)","en:e101,en:e101i,en:e102,en:e110,en:e129,en:e133,en:e341,en:e341ii,en:e375,en:e415,en:e466,en:e481,en:e541,en:e570",High,,https://images.openfoodfacts.org/images/products/001/600/040/9972/front_en.jpg
36800422230,"Organic Almondmilk, Vanilla","Full Circle Market,  Topco Associates  Inc.",,,United States,"Organic almondmilk (filtered water, organic almonds), organic cane syrup, organic locust bean gum, sea salt, organic vanilla flavor, natural flavors, sunflower lecithin, tricalcium phosphate, gellan gum, potassium citrate, organic vanilla extract, vitamin","en:e322,en:e322i,en:e332,en:e341,en:e341iii,en:e410,en:e418",Low,,https://images.openfoodfacts.org/images/products/003/680/042/2230/front_en.jpg
30223042051,Organic Sweet Baby Lettuce,Taylor Farms,,,United States,"May contain some or all of the following: organic baby red romaine, organic baby tango, organic baby arugula, organic baby red leaf, organic baby green romaine, organic baby lolla rosa, organic baby mizuna, organic baby tatsoi, organic baby green chard, o",,Low,,https://images.openfoodfacts.org/images/products/003/022/304/2051/front_en.jpg
11213033792,"Mixed Hard Candies, Cinnamon, Butterscotch, Peppermint & Spearmint Naturally And Artificially Flavored",Spartan,,,United States,"Cinnamon discs - sugar, corn syrup, artificial flavor, fd&c red 40, blue 1 and red 3. butterscotch discs - sugar, corn syrup, salt, artificial flavor, fd&c yellow 5, yellow 6, red 40 and blue 1. peppermint discs - sugar, corn syrup, natural peppermint oil","en:e102,en:e110,en:e129",Medium,,https://images.openfoodfacts.org/images/products/001/121/303/3792/front_en.jpg
41270025072,Tomato Puree,Iga,,,United States,"Tomato concentrate (water and tomato paste), citric acid",en:e330,Low,,https://images.openfoodfacts.org/images/products/004/127/002/5072/front_en.jpg
609900114,"The Madelaine Chocolate Company, All Natural Dark Chocolate Gift Stick",Madelaine Chocolate Novelties,,,United States,"Bittersweet chocolate (chocolate, sugar, cocoa butter, soy lecithin-an emulsifier, vanilla).",,Low,,https://images.openfoodfacts.org/images/products/000/060/990/0114/front_en.jpg
16073123454,"Just Great Stuff, The Original Powdered Organic Peanut Butter",Betty Lou's Inc.,,,United States,"Organic peanuts, organic coconut sugar*, sea salt.",,Low,,https://images.openfoodfacts.org/images/products/001/607/312/3454/front_en.jpg
12000012785,"Diet Green Tea, Citrus Flavor With Other Natural Flavors","Lipton,  Unilever",,,United States,"Water, citric acid, sodium hexametaphosphate (to protect flavor), green tea, natural flavor, ascorbic acid (vitamin c), phosphoric acid, potassium sorbate (preserves freshness), aspartame, acesulfame potassium, citrus pectin calcium disodium edta (to prot","en:e202,en:e300,en:e330,en:e338,en:e385,en:e950,en:e951",High,,https://images.openfoodfacts.org/images/products/001/200/001/2785/front_en.jpg
20526012288,"Bergin, Organic Roasted & Salted Almonds",Bergin Nut Company  Inc.,,,United States,"Organic almonds (usa, italy), high oleic organic sunflower oil, sea salt.",,Low,,https://images.openfoodfacts.org/images/products/002/052/601/2288/front_en.jpg
11150074025,Organic Cashew Butter,Simply Roundy's,,,United States,"Dry roasted organic cashews, organic sunflower oil.",,Low,,https://images.openfoodfacts.org/images/products/001/115/007/4025/front_en.jpg
36800389663,"Organic, Pasta Sauce With Chunky Diced Tomatoes & Roasted Garlic, Roasted Garlic","Full Circle,  Topco",,,United States,"Organic tomato puree, organic tomatoes, organic onions, organic roasted garlic puree (organic garlic, water, organic flavor, citric acid), organic sugar, organic extra virgin olive oil, salt, organic garlic, organic garlic powder, organic black pepper, organic oregano.",en:e330,Low,,https://images.openfoodfacts.org/images/products/003/680/038/9663/front_en.jpg
41190012695,Tomato Puree,Shoprite,,,United States,"Tomato puree (water, tomato paste), citric acid.",en:e330,Low,,https://images.openfoodfacts.org/images/products/004/119/001/2695/front_en.jpg
36731135513,Hojuelas de avena natural,Quaker,"Plant-based foods and beverages,Plant-based foods,Cereals and potatoes,Cereals and their products,Seeds,Cereal grains,Avena",,Mexico,Hojuelas de avena de grano entero,,Low,,https://images.openfoodfacts.org/images/products/003/673/113/5513/front_en.jpg
23545211229,"Bienestar Natural, Herbal Tea Blend",Agricola Himalaya S.A.,,,United States,"Camomile, lemon balm, lemon grass, mint, anise.",,Low,,https://images.openfoodfacts.org/images/products/002/354/521/1229/front_en.jpg
23923320116,Organic Apple Peach Oatmeal Fruit & Grain Puree,Earth's Best,,,United States,"Organic apples, water, organic peaches, organic whole grain oat flour, citric acid, vitamin a palmitate, mixed tocopherols, (vitamin e), zinc sulfate, ascorbic acid, (vitamin c).","en:e300,en:e307c,en:e330",Medium,,https://images.openfoodfacts.org/images/products/002/392/332/0116/front_en.jpg
39047001077,"Walkers, Pure Butter Shortbread Rounds",Walkers Shortbread Ltd.,,,United States,"Wheat flour, butter (32%), sugar, salt.",,Low,,https://images.openfoodfacts.org/images/products/003/904/700/1077/front_en.jpg
11150998420,"Apple Puree, Cinnamon",Roundy's,,,United States,"Apples, apple juice from concentrate, cinnamon, ascorbic acid (to protect color).",en:e300,Low,,https://images.openfoodfacts.org/images/products/001/115/099/8420/front_en.jpg
36800420397,"Organic Granola, Oat & Honey","Full Circle Market,  Topco Associates Llc",,,United States,"Organic whole rolled oats, organic sugar, organic oat flour, organic gluten free brown crisp rice (organic whole grain brown rice, organic cane syrup, sea salt), organic canola oil, organic rice syrup, organic molasses, organic honey, salt, organic vanill",,Low,,https://images.openfoodfacts.org/images/products/003/680/042/0397/front_en.jpg
41318300512,Natural Whole Grain Instant Brown Rice,Schnucks,,,United States,Pre-cooked parboiled long grain brown rice.,,Low,,https://images.openfoodfacts.org/images/products/004/131/830/0512/front_en.jpg
41000214042,"Oreo, Frozen Oreo Dessert Bar, Naturally And Artificially Flavored","Good Humor,  Unilever",,,United States,"Nonfat milk, oreo crunch {bleached wheat flour, sugar, cocoa (processed with alkali), palm oil, unbleached enriched flour [wheat flour, niacin, reduced iron, thiamine mononitrate (vitamin b1), riboflavin (vitamin b2), folic acid], corn syrup, corn flour, canola oil, salt, leavening (baking soda and/or calcium phosphate), soy lecithin, vanillin - an artificial flavor, high fructose corn syrup, chocolate}, milk chocolate flavored coating [soybean oil, sugar, coconut oil, chocolate (processed with alkali), milk, whey, cocoa (processed with alkali), soy lecithin (emulsifier), artificial flavor (vanillin), salt], sugar, corn syrup, oreo cookie pieces {unbleached enriched flour [wheat flour, niacin, reduced iron, thiamine mononitrate (vitamin b1), riboflavin (vitamin b2), folic acid], sugar, palm and/or canola oil, cocoa (processed with alkali), high fructose corn syrup, leavening (baking soda and/or calcium phosphate), cornstarch, salt, soy lecithin, vanillin - an artificial flavor, chocolate}, coconut oil, contains 2% or less of each of the following: whey, mono and diglycerides, guar gum, locust bean gum, carrageenan, natural and artificial flavor, caramel color, vitamin a palmitate.","en:e101,en:e101i,en:e150a,en:e322,en:e322i,en:e341,en:e375,en:e407,en:e410,en:e412,en:e471",Medium,,https://images.openfoodfacts.org/images/products/004/100/021/4042/front_en.jpg
41000022593,Rice & Pasta Blend In A Savory Sauce With Carrots & Peas,Unilever,,,United States,"Enriched parboiled long grain rice [rice, niacin, ferric orthophosphate (iron), thiamin mononitrate (vitamin b1), folic acid], enriched vermicelli [wheat and durum flour, niacin, ferrous sulfate (iron), thiamin mononitrate (vitamin b1), riboflavin (vitamin b2), folic acid], vegetables* (green peas, carrots, onions), salt, hydrolyzed soy protein, corn syrup*, chicken powder, chicken fat* (with rosemary extract to protect quality), whey (milk), maltodextrin. garlic powder, corn starch, autolyzed yeast extract, chicken broth*, disodium guanylate, disodium inosinate, natural flavor (milk), nonfat milk*, extract of turmeric (color).","en:e101,en:e101i,en:e375,en:e627,en:e631",Low,,https://images.openfoodfacts.org/images/products/004/100/002/2593/front_en.jpg
21000057122,Organic Mild Cheddar Cheese,Cracker Barrel,,,United States,"Cultured pasteurized organic milk, salt, enzymes.",,Low,,https://images.openfoodfacts.org/images/products/002/100/005/7122/front_en.jpg
39978009906,Organic Whole Wheat Graham Flour,Bob's Red Mill Natural Foods  Inc.,,,United States,Organic whole grain hard red spring wheat.,,Low,,https://images.openfoodfacts.org/images/products/003/997/800/9906/front_en.jpg
30223006343,"Organic, Power Greens","Taylor Farms,  Taylor Fresh Foods  Inc.",,,United States,"Organic chard, organic baby kale, organic baby spinach.",,Medium,,https://images.openfoodfacts.org/images/products/003/022/300/6343/front_en.jpg
28190007814,"Healthy Pop, Microwave Pop Corn Bags, Butter",Jolly Time,,,United States,"100% whole grain non-gmo pop corn, salt, palm oil, corn oil, natural flavors, soy lecithin, annatto for color, ascorbic acid to preserve freshness.","en:e322,en:e322i",Low,,https://images.openfoodfacts.org/images/products/002/819/000/7814/front_en.jpg
24335160062,Organic Vegetarian Traditional Refried Beans,Bearitos,,,United States,"Water, organic pinto beans, organic expeller pressed canola oil, sea salt.",,Low,,https://images.openfoodfacts.org/images/products/002/433/516/0062/front_en.jpg
21000005208,Natural White Cheddar Cheese With Mediterranean Herb Seasoning,Cracker Barrel,,,United States,"Cheddar cheese (pasteurized milk, cheese culture, salt, enzymes), mediterranean seasoning (spice, tomato*, green bell pepper*, garlic*, soybean oil, red pepper*, natural flavor, yeast extract, citric acid); natamycin (a natural mold inhibitor)","en:e235,en:e330",Low,,https://images.openfoodfacts.org/images/products/002/100/000/5208/front_en.jpg
21908743295,Organic Cinnamon Raisin Granola,"Cascadian Farm,  Small Planet Foods  Inc.",,,United States,"Whole grain oats*, cane sugar*, raisins*, rice*, sunflower oil*, honey*, molasses*, cinnamon*, sea salt.",,Low,,https://images.openfoodfacts.org/images/products/002/190/874/3295/front_en.jpg
12511801335,Organic Vanilla Frosting,"Wholesome,  Wholesome Sweeteners  Inc.",,,United States,"Organic powdered sugar* (organic evaporated cane juice, organic tapioca starch), organic palm oil, organic invert sugar cane syrup*, water, natural flavors, less than 2% of the following: organic corn starch, natural vanilla flavor, unbleached sunflower l",,Low,,https://images.openfoodfacts.org/images/products/001/251/180/1335/front_en.jpg
13413796293,"Naturally Nutfull, Dry Roasted Whole Hazelnut, Chocolate Truffle",Very Special Chocolates  Inc.,,,United States,"Fairtrade milk chocolate [sugar, cocoa butter, whole milk powder, cocoa mass, sweet whey powder, soy lecithin (emulsifier), vanilla (natural flavor)], hazelnut, cane sugar, wheat flour, crisp rice, palm kernel oil, coconut oil, cocoa powder, natural flavo","en:e322,en:e322i",Low,,https://images.openfoodfacts.org/images/products/001/341/379/6293/front_en.jpg
41000321764,"Half & Half Sugar Sweetened Iced Tea Mix, Lemonade Flavor With Other Natural Flavor","Lipton,  Unilever",,,United States,"Cane sugar, citric acid (provides tartness), instant tea powder, corn syrup solids, maltodextrin, salt, lemon juice solids, natural flavor, silicon dioxide (prevents caking), red 40.","en:e129,en:e330,en:e551",Medium,,https://images.openfoodfacts.org/images/products/004/100/032/1764/front_en.jpg
22506002005,Organic Coconut Oil,"Spectrum,  The Hain Celestial Group  Inc.",,,United States,100% mechanically (expeller) pressed refined organic coconut oil.,,Low,,https://images.openfoodfacts.org/images/products/002/250/600/2005/front_en.jpg
24182029505,Organic Navy Beans,"Eden,  Eden Foods  Inc.",,,United States,"Organic navy beans, water, kombu seaweed.",,Low,,https://images.openfoodfacts.org/images/products/002/418/202/9505/front_en.jpg
41420108136,Organic Gummy Bears & Worms,"Black Forest,  Ferrara Candy Company",,,United States,"Organic tapioca syrup, organic cane sugar, gelatin, organic lemon juice concentrate, organic tapioca starch, organic potato starch, agar, citric acid, organic sunflower oil*, colors (black carrot juice, carrot juice, turmeric, red beet extract), natural f","en:e330,en:e406,en:e428",Low,,https://images.openfoodfacts.org/images/products/004/142/010/8136/front_en.jpg
34538837654,"Smith Brothers Farms, Tony's Coffee, Organic Cold Brew Coffee",Smith Bros. Farms Inc.,,,United States,"Organic whole milk, organic cold brew coffee, organic cane sugar, vitamin a palmitate and vitamin d3 added.",,Low,,https://images.openfoodfacts.org/images/products/003/453/883/7654/front_en.jpg
120623,"Sweet Potato, Parsnip and Beetroot Hand Cooked Vegetable Crisps","Marks & Spencer,Marks and Spencer","Salty snacks,Appetizers,Chips and fries,Crisps,Parsnip Crisps,Sweet potato crisps,fr:Chips-de-betterave","en:vegetarian,en:vegan,en:green-dot","France,United Kingdom",Mélange de légumes en proportion variable (66%) (Panais - Patates douces - Betterave) - Hui|e de tournesol - Sel de mer.  ,,Low,,https://images.openfoodfacts.org/images/products/000/000/012/0623/front_en.jpg
127135,Gluten Free Bagel Chips,Glutino,,,United States,"Bagel [tapioca starch, water, potato starch, corn starch, egg whites (egg whites, yeast, citric acid), cane sugar, canola oil and/or sunflower oil and/or safflower oil, salt, guar gum, glucono-delta-lactone, yeast, pectin, sodium bicarbonate, sodium algin","en:e330,en:e412,en:e440,en:e440i,en:e500,en:e500ii,en:e575",Low,,https://images.openfoodfacts.org/images/products/000/000/012/7135/front_en.jpg
41190042579,Naturally Brine Cured Marinated Mixed Olives,Shoprite,,,United States,"Water, green olives, black olives, kalamata olives, salt, vinegar, citric cid, lactic acid, pimento, oregano.",en:e270,Low,,https://images.openfoodfacts.org/images/products/004/119/004/2579/front_en.jpg
36800422117,"Organic Toasted Oats Cereal, Honey Nuts",Full Circle,,,United States,"Organic whole grain oats, organic cane sugar, organic rice, organic honey, organic almonds, sea salt, calcium carbonate, tocopherols (antioxidants to maintain freshness).","en:e170,en:e307c",Medium,,https://images.openfoodfacts.org/images/products/003/680/042/2117/front_en.jpg
28190001416,Healthy Pop Kettle Corn,Jolly Time,,,United States,"100% whole grain non-gmo pop corn, partially hydrogenated soybean oil, salt, dextrin, sucratose, artificial flavor, soy lecithin, food starch-modified, annatto for coloring.","en:e1400,en:e322,en:e322i",Medium,,https://images.openfoodfacts.org/images/products/002/819/000/1416/front_en.jpg
12000012754,"Green Tea, Citrus Flavor With Other Natural Flavors","Lipton,  Unilever",,,United States,"Water, high fructose corn syrup, citric acid, natural flavor, sodium hexametaphosphate (to protect flavor), green tea, ascorbic acid (vitamin c), potassium sorbate (preserves freshness), phosphoric acid, sugar, acesulfame potassium, calcium disodium edta","en:e202,en:e300,en:e330,en:e338,en:e385,en:e950",High,,https://images.openfoodfacts.org/images/products/001/200/001/2754/front_en.jpg
41220997251,Organic Milk,H.E.B,,,United States,"Organic grade a milk, organic dried cane syrup, organic natural cocoa, organic dutch cocoa (processed with alkali), salt, carrageenan, vitamin d3.",en:e407,Medium,,https://images.openfoodfacts.org/images/products/004/122/099/7251/front_en.jpg
11150479516,Organic Tomato Bisque,Simply Roundy's,,,United States,"Tomatoes* (tomatoes*, tomato puree*, naturally derived citric acid), milk* (milk*, vitamin d), water, contains 2% or less of: butter* (cream*, sea salt), sugar*, basil*, cornstarch*, salt, spices*.",en:e330,Low,,https://images.openfoodfacts.org/images/products/001/115/047/9516/front_en.jpg
23923200043,Organic First Apples,Earth's Best,,,United States,"Organic apples, ascorbic acid (vitamin c).",en:e300,Low,,https://images.openfoodfacts.org/images/products/002/392/320/0043/front_en.jpg
36800107922,Organic Whole Milk,"Full Circle Market,  Topco Associates  Inc.",,,United States,"Organic grade a milk, vitamin d3.",,Low,,https://images.openfoodfacts.org/images/products/003/680/010/7922/front_en.jpg
36800405455,"Organic, Homestyle Waffles","Full Circle,  Full Circle Organic",,,United States,"Water, organic whole wheat flour, organic enriched wheat flour (organic wheat flour, niacin, reduced iron, thiamin mononitrate [vitamin b1], riboflavin [vitamin b2], folic acid), organic canola and/or organic soybean oil,organic cane sugar, contains 2% or less of: leaving (sodium acid pyrophosphate, sodium bicarbonate, monocalcium phosphate), organic wheat bran, organic soy lecithin, organic pear juice concentrate, organic skim milk, sea salt, organic eggs.","en:e101,en:e101i,en:e322,en:e322i,en:e341,en:e341i,en:e375,en:e450,en:e500,en:e500ii",Low,,https://images.openfoodfacts.org/images/products/003/680/040/5455/front_en.jpg
36800049734,"Organic Farfalle, Macaroni Product","Full Circle,  Tapco",,,United States,100% certified organic hard amber durum wheat,,Low,,https://images.openfoodfacts.org/images/products/003/680/004/9734/front_en.jpg
12511446529,Organic Dark  Brown Sugar,Wholesome Sweeteners  Inc.,,,United States,Organic brown sugar* *fair trade certified by fair trade usa,,Low,,https://images.openfoodfacts.org/images/products/001/251/144/6529/front_en.jpg
19646005348,Organic Tomato Basil Sauce,Harmons,,,United States,"Organic tomatoes, organic tomato puree (water, organic tomato paste), organic onions, organic extra virgin olive oil, organic basil, organic garlic, salt, organic sugar, organic spices, citric acid.",en:e330,Low,,https://images.openfoodfacts.org/images/products/001/964/600/5348/front_en.jpg
26396908256,"Naturally Probiotic Kimchi, Original",Seoul,,,United States,"Napa cabbage, chili pepper, carrots, garlic, green onion, sugar, onion, baby shrimp, sea salt, ginger, anchovy extract.",,Low,,https://images.openfoodfacts.org/images/products/002/639/690/8256/front_en.jpg
32601025526,Organic Asian Blend,Earthbound Farm,,,United States,"Organic mustard greens (organic tatsoi, organic mizuna, organic pak-choi), organic red peppers, organic carrots, organic onions, organic green beans.",,Low,,https://images.openfoodfacts.org/images/products/003/260/102/5526/front_en.jpg
23254111155,"Hain Pure Foods, Peanut Oil",The Hain Celestial Group  Inc.,,,United States,Expeller pressed refined peanut oil.,,Low,,https://images.openfoodfacts.org/images/products/002/325/411/1155/front_en.jpg
11213515083,99% Fat Free Original Mixed Berry With Natural Flavor,Spartan,,,United States,"Cultured pasteurized grade a low fat milk, sugar, water, modified food starch, blueberries, calcium phosphate, strawberries, raspberries, blackberries, natural flavor, pectin, carrageenan, fruit juice (color), citric acid, potassium sorbate (to maintain freshness), vitamin a palmitate, vitamin d3.","en:e202,en:e330,en:e341,en:e407,en:e440,en:e440i",Medium,,https://images.openfoodfacts.org/images/products/001/121/351/5083/front_en.jpg
17873705178,"Old Fashioned Mac & Cheese, All Natural Pasta & A Crispy Breadcrumb Topping",Blake's,,,United States,"Cheddar cheese sauce [water, cheese (pasteurized milk, cheese cultures, salt, enzymes, annatto color), whole milk, corn starch/wheat flour, butter (pasteurized sweet cream, salt), salt], organic macaroni (organic durum wheat flour), breadcrumbs (wheat flour, dextrose, sugar, yeast, salt, soybean flour, non-fat dry milk).",,Low,,https://images.openfoodfacts.org/images/products/001/787/370/5178/front_en.jpg
11535504765,Natural Parmesan Garlic & Herb Pita Chips,Wild Harvest,,,United States,"Enriched wheat flour (wheat flour, malted barley flour, niacin, reduced iron, thiamine mononitrate, riboflavin, folic acid), sunflower oil, whey permeate, rye flour, malted barley flour, parmesan cheese (pasteurized milk, cheese culture, salt, enzymes, cellulose), sea salt, sugar, dehydrated roasted garlic, corn maltodextrin, yeast, oat fiber, cultured wheat starch and wheat flour, cultured wheat flour, high oleic sunflower oil, cheddar cheese solids, natural flavor (includes enzyme modified parmesan cheese solids), salt, whey powder, disodium phosphate, parsley, ascorbic acid, enzymes, distilled white vinegar.","en:e101,en:e101i,en:e300,en:e339,en:e339ii,en:e375,en:e460",Medium,,https://images.openfoodfacts.org/images/products/001/153/550/4765/front_en.jpg
41303046210,Frosted Fruit-O's Sweetened Multi-Grain Cereal With Natural Fruit Flavors,Essential Everyday,,,United States,"Corn, wheat and whole grain oat flour, sugar, salt, calcium carbonate, natural orange, lemon, cherry, blueberry, raspberry, lime and other natural flavors, vitamin c (sodium ascorbate and ascorbic acid), yellow 6, niacin (niacinamide), vitamin a palmitate, reduced iron, zinc (zinc oxide), red 40, blue 1, vitamin b12, yellow 5, folate (folic acid), vitamin b6 (pyridoxine hydrochloride), vitamin b1 (thiamin hydrochloride), vitamin b2 (riboflavin), vitamin d. bht (to preserve freshness).","en:e101,en:e101i,en:e102,en:e110,en:e129,en:e133,en:e170,en:e300,en:e321,en:e375",Medium,,https://images.openfoodfacts.org/images/products/004/130/304/6210/front_en.jpg
39059551034,"Spring Tree, Sugar Free Low Calorie Syrup",B&G Foods North America  Inc.,,,United States,"Water, sorbitol, cellulose gum, natural and artificial maple flavor, salt, aspartame*, citric acid, caramel color, sodium benzoate and potassium sorbate (as preservatives), acesulfame potassium.","en:e150a,en:e202,en:e330,en:e420,en:e420i,en:e466,en:e950,en:e951",High,,https://images.openfoodfacts.org/images/products/003/905/955/1034/front_en.jpg
25293001060,"Organic Soymilk, Unsweetened","Silk,  Wwf Operating Company",,,United States,"Organic soymilk (filtered water, organic soybeans), carrageenan, sea salt, natural flavor. vitamins & minerals: calcium carbonate, vitamin a palmitate, vitamin d2, riboflavin (b2), vitamin b12.","en:e101,en:e101i,en:e170,en:e407",Medium,,https://images.openfoodfacts.org/images/products/002/529/300/1060/front_en.jpg
21908632087,"Organic Raspberry Fruit Spread, Raspberry","Cascadian Farm,  Small Planet Foods  Inc.",,,United States,"Sugar*, raspberries*, water, fruit pectin, lemon juice concentrate*, citric acid.","en:e330,en:e440,en:e440i",Low,,https://images.openfoodfacts.org/images/products/002/190/863/2087/front_en.jpg
24182021509,Organic Whole Grain Quinoa,Eden,,,United States,Organic quinoa chenopodium quinoa,,Low,,https://images.openfoodfacts.org/images/products/002/418/202/1509/front_en.jpg
41000142130,"Rice & Pasta With Steak Flavor, Bell Peppers & Fajita Seasoning With Other Natural Flavor",Unilever,,,United States,"Enriched parboiled long grain rice [rice, niacin, ferric orthophosphate (iron), thiamin mononitrate (vitamin b1), folic acid], enriched vermicelli [wheat and durum flour, niacin, ferrous sulfate (iron), thiamin mononitrate (vitamin b1), riboflavin (vitamin b2), folic acid], salt, red bell pepper*, maltodextrin (corn), onion powder, caramel and paprika (for color), tomato powder, garlic powder, onions*, chili pepper, spices, natural flavor (milk, soy, wheat), sugar, yeast extract, high oleic sunflower oil, citric acid, disodium guanylate, disodium inosinate, torula yeast, soy lecithin, sulfites (used to protect quality).","en:e101,en:e101i,en:e322,en:e322i,en:e330,en:e375,en:e627,en:e631",Medium,,https://images.openfoodfacts.org/images/products/004/100/014/2130/front_en.jpg
21908504018,Organic Gardner's Vegetable Blend,Cascadian Farm,,,United States,"Organic corn, organic carrots, organic peas with trace of salt, organic green beans.",,Low,,https://images.openfoodfacts.org/images/products/002/190/850/4018/front_en.jpg
30871004500,Gluten Free Baked Tofu,Pulmuone Foods Usa  Inc.,,,United States,"Organic sprouted tofu (filtered water, sprouted organic soybeans, nigari [magnesium chloride, a natural firming agent], calcium sulfate), water, organic tamari soy sauce (water, organic soybeans, salt, organic alcohol [to preserve freshness]), organic apple cider vinegar, organic mustard seeds, salt, organic spices, organic apple juice, organic toasted sesame oil, organic onion powder, organic garlic powder.","en:e1510,en:e511,en:e516",Low,,https://images.openfoodfacts.org/images/products/003/087/100/4500/front_en.jpg
31493060653,Organic Whole Grain Wheat English Muffins,Rudi's Organic Bakery,,,United States,"Water, organic whole wheat flour, organic wheat flour, organic agave syrup, organic barley malt, organic wheat gluten, yeast, organic high oleic sunflower/safflower oil, organic vinegar, sea salt, organic oat flour, organic cornmeal, cultured organic wheat starch, citric acid, natural enzymes, ascorbic acid.","en:e300,en:e330",Low,,https://images.openfoodfacts.org/images/products/003/149/306/0653/front_en.jpg
30684016974,"Organic Hot Salsa, Hot",Sage Valley,,,United States,"Organic diced tomatoes, organic onions, water, organic crushed tomatoes, organic jalapenos, organic garlic, organic cilantro, organic cider vinegar, sea salt, organic lime juice concentrate, organic cumin, organic black pepper, organic jalapeno powder.",,Low,,https://images.openfoodfacts.org/images/products/003/068/401/6974/front_en.jpg
37272089013,Naturally Brine Cured Country Gourmet Mixed Olives,Peloponnese,,,United States,"Green olives, black olives, water, red wine vinegar, concentrated grape juice, sea salt, extra-virgin olive oil, spice.",,Low,,https://images.openfoodfacts.org/images/products/003/727/208/9013/front_en.jpg
15400191067,Organic Mango Salsa,Natural Directions,,,United States,"Organic mangoes, organic tomato puree, organic tomatoes, organic onions, organic sugar, organic white vinegar, organic green peppers, organic mango flavor, organic jalapeno peppers, organic garlic puree (organic garlic, water), salt, organic cumin, organic black pepper, organic crushed red peppers, organic cilantro.",,Low,,https://images.openfoodfacts.org/images/products/001/540/019/1067/front_en.jpg
27328910019,"O' Brother That's Hot!, Organic Habanero Pepper Sauce",Arizona Pepper Products Co Inc,,,United States,"Organic ripened habanero peppers, organic red ripened jalapeno peppers,organic apple cider vinegar organic vinegar, salt.",,Low,,https://images.openfoodfacts.org/images/products/002/732/891/0019/front_en.jpg
15400190015,"Oats & Flax, Organic Instant Oatmeal",Natural Directions,,,United States,"Organic rolled oats, organic dehydrated cane juice solids, organic flaxseed, sea salt.",,Low,,https://images.openfoodfacts.org/images/products/001/540/019/0015/front_en.jpg
33776017712,Purely Better Buttery Spread,Smart Balance,,,United States,"Canola oil, water, palm oil, salt, pea protein, natural flavor, sunflower lecithin, lactic acid (to protect freshness), beta-carotene (color).","en:e160a,en:e160ai,en:e270,en:e322,en:e322i",Low,,https://images.openfoodfacts.org/images/products/003/377/601/7712/front_en.jpg
41268169429,Natural Sharp Cheddar Cheese,"Hannaford,  Hannaford Bros. Co.",,,United States,"Pasteurized part-skim milk, cheese culture, salt, enzymes and annatto (vegetable color), vitamin a palmitate.",en:e160b,Low,,https://images.openfoodfacts.org/images/products/004/126/816/9429/front_en.jpg
35826024732,Natural Colby Jack Cheese,"Food Lion,  Food Town Stores Inc.",,,United States,"Pasteurized milk, cheese culture, salt, enzymes and annatto (vegetable color).",en:e160b,Low,,https://images.openfoodfacts.org/images/products/003/582/602/4732/front_en.jpg
19646005065,Organic Chicken Broth,"Harmons Neighborhood Grocer,  Harmons Inc",,,United States,"Filtered water, organic chicken broth concentrate (organic free range chicken), sea salt, organic onion powder, organic cane sugar, yeast extract, organic flavor, organic garlic powder, organic turmeric.",,Low,,https://images.openfoodfacts.org/images/products/001/964/600/5065/front_en.jpg
13562002603,"Organic Chewy Granola Bars, Chocolate Chip",Annie's,,,United States,"Granola* (whole grain oats*, tapioca syrup*, cane sugar*, sunflower oil*, sea salt, vanilla extract*, baking soda), tapioca syrup*, semisweet chocolate chips* (cane sugar*, chocolate*, cocoa butter* , vanilla extract*), rice crisp* (rice*, cane sugar*, sa",,Low,,https://images.openfoodfacts.org/images/products/001/356/200/2603/front_en.jpg
39978038524,"Ivory Wheat, Organic Flour","Bob's Red Mill,  Bob's Red Mill Natural Foods  Inc.",,,United States,Organic whole grain hard white wheat.,,Low,,https://images.openfoodfacts.org/images/products/003/997/803/8524/front_en.jpg
26395780167,"Organic Aloe Water Beverage, Cucumber",Lily Of The Desert,,,United States,"Purified water, organic aloe vera juice, organic cane sugar, natural flavors, citric acid, organic stevia extract.",en:e330,Low,,https://images.openfoodfacts.org/images/products/002/639/578/0167/front_en.jpg
41000008641,"Sugar Sweetened Iced Tea Mix, Lemon Natural Flavor","Lipton,  Unilever",,,United States,"Cane sugar, citric acid (provides tartness), instant tea powder, silicon dioxide (prevents caking), maltodextrin, natural flavor, red 40.","en:e129,en:e330,en:e551",Medium,,https://images.openfoodfacts.org/images/products/004/100/000/8641/front_en.jpg
14821195555,Sugar Free Angel Food Cake,Hill & Valley,,,United States,"Water, maltitol*, wheat starch, enriched bleached flour (wheat flour, niacin, reduced iron, thiamine mononitrate, riboflavin, folic acid), egg whites, polydextrose, leavening (sodium bicarbonate, sodium aluminum phosphate, monocalcium phosphate), natural and artificial flavors, guar gum, food starch-modified, salt, calcium propionate (preservative), maltodextrin, sorbic acid (preservative), sucralose.","en:e101,en:e101i,en:e1200,en:e200,en:e282,en:e341,en:e341i,en:e375,en:e412,en:e500,en:e500ii,en:e541,en:e955,en:e965,en:e965i",High,,https://images.openfoodfacts.org/images/products/001/482/119/5555/front_en.jpg
25317323000,"Organics, Chicken Sausage, Chicken & Apple",Applegate,,,United States,"Organic chicken***, organic dried apples, sodium lactate (from beets), contains less than 2% of the following: sea salt, organic apple juice concentrate, organic spices, organic garlic.",en:e325,Low,,https://images.openfoodfacts.org/images/products/002/531/732/3000/front_en.jpg
20662005830,Organics Olive Oil & Vinegar Dressing,"Newman's Own,  Newman's Own  Inc.",,,United States,"Organic vegetable oil (organic extra virgin olive oil, organic soybean oil), water, organic red wine vinegar, organic distilled vinegar, organic stoneground mustard (water, organic vinegar, organic mustard seed, salt, organic spices), organic onion puree,",,Low,,https://images.openfoodfacts.org/images/products/002/066/200/5830/front_en.jpg
460938714,100% Soja Protein Haselnuss,allfitnessfactory.de,"Dietary supplements,Bodybuilding supplements,Protein powders","en:vegetarian,en:vegan",Germany,"100% Soja-Protein-Isolat (_Soja_), Aroma, Süßstoff Natrium-Saccharin.",,Low,,https://images.openfoodfacts.org/images/products/000/046/093/8714/front_en.jpg
21908455594,"Organic Whole Grain Oat And Barley Cereal, Honey Nut O's","Cascadian Farm,  Small Planet Foods  Inc.",,,United States,"Whole grain oats*, whole grain barley*, sugar*, wheat starch*, malted barley extract*, honey*, sea salt, molasses*, calcium carbonate, oats*, malted barley*, natural almond flavor*. vitamin e (mixed tocopherols) added to preserve freshness.",en:e170,Medium,,https://images.openfoodfacts.org/images/products/002/190/845/5594/front_en.jpg
36800046252,Organic Black Beans,Full Circle,,,United States,"Prepared organic black beans, water, and sea salt.",,Low,,https://images.openfoodfacts.org/images/products/003/680/004/6252/front_en.jpg
41303008256,Natural Monterey Jack Cheese Shredded,Essential Everyday,,,United States,"Cultured pasteurized milk, salt, enzymes, anticake (potato starch, corn starch, powdered cellulose), natamycin (a natural mold inhibitor).","en:e235,en:e460,en:e460ii",Low,,https://images.openfoodfacts.org/images/products/004/130/300/8256/front_en.jpg
39217023021,Organic Multigrain With Flax Seeds Bread,Papa's,,,United States,"Water, organic whole wheat flour, organic wheat flour, organic grain mix (organic hard red wheat, organic rye, organic barley, organic spelt, organic soft white wheat, organic corn), organic flax seed, organic hard red wheat, organic cane sugar, organic oats, organic oat fiber, organic wheat gluten, wheat starch (organic wheat starch, organic whole wheat flour, lactic acid bacteria culture), sea salt, organic molasses, organic canola and/or organic soybean oil, yeast, organic sunflower lecithin and/or organic soy lecithin, organic dough conditioner (organic wheat gluten, organic wheat starch, organic sunflower lecithin and/or organic soy lecithin, ascorbic acid, sea salt, enzymes [plant based]), organic enzyme (organic cornstarch, organic soybean lecithin, enzymes [plant based], tri-calcium phosphate), citric acid (citric acid, carnauba wax).","en:e300,en:e322,en:e322i,en:e330,en:e341,en:e903",Low,,https://images.openfoodfacts.org/images/products/003/921/702/3021/front_en.jpg
36200223024,"Olive oil, basil and garlic tomato sauce ",Bertolli,"Plant-based foods and beverages,Plant-based foods,Fats,Olive tree products,Vegetable fats,Vegetable oils,Olive oils,Basil-and-garlic-tomato-sauce","en:organic,en:usda-organic",United States,"ORGANIC TOMATO PUREE (WATER, ORGANIC TOMATO PASTE), ORGANIC DICED TOMATOES IN JUICE, ORGANIC EXTRA VIRGIN OLIVE OIL, ORGANIC ONIONS, ORGANIC SUGAR, SEA SALT, ORGANIC GARLIC, ORGANIC BASIL, ORGANIC BLACK PEPPER, ORGANIC OREGANO.",,Low,,https://images.openfoodfacts.org/images/products/003/620/022/3024/front_en.jpg
25484000292,Organic Cubed Super Firm Tofu,Nasoya,,,United States,"Water, organic whole soybeans, calcium sulfate, nigari (sea water extract).",en:e516,Low,,https://images.openfoodfacts.org/images/products/002/548/400/0292/front_en.jpg
41000072390,"Superfruit Green Tea, White Mangosteen Peach Flavor With Other Natural Flavor","Lipton,  Unilever",,,United States,"Green tea, natural flavor, soy lecithin, peach juice solids, concentrated mangosteen juice.","en:e322,en:e322i",Medium,,https://images.openfoodfacts.org/images/products/004/100/007/2390/front_en.jpg
23933653242,Euro Wholesome Grain Seeded Bread,Dierbergs Kitchen,,,United States,"Enriched flour (wheat flour, malted barley flour, niacin, reduced iron, thiamine mononitrate, riboflavin, folic acid), water, organic grain blend (yellow corn meal, hulled millet, rolled oats, barley flakes), organic whole wheat flour, molasses, honey, co","en:e101,en:e101i,en:e375",Low,,https://images.openfoodfacts.org/images/products/002/393/365/3242/front_en.jpg
36800336070,"Organic Pasta Sauce, Roasted Garlic",Full Circle,,,United States,"Organic tomato puree (water, organic tomato paste), organic diced tomatoes in juice, organic onions, organic carrot juice concentrate, organic roasted garlic, organic garlic, organic extra virgin olive oil, sea salt, organic basil, organic black pepper, organic oregano.",,Low,,https://images.openfoodfacts.org/images/products/003/680/033/6070/front_en.jpg
41415086081,Premium Marinara Pasta Sauce,Publix,,,United States,"Plum tomatoes in puree, tomato puree (water, tomato paste), fresh onions, imported olive oil, sugar, salt, garlic, soybean oil, spices, parsley, citric acid, natural flavor.",en:e330,Low,,https://images.openfoodfacts.org/images/products/004/141/508/6081/front_en.jpg
20500017094,"Florida's Choice, 100% Pure Juice Blends",Citrus Central Inc.,,,United States,"Filtered water, pineapple juice concentrate, apple juice concentrate, orange juice concentrate, natural flavors, ascorbic acid (vitamin c) and citric acid.","en:e300,en:e330",Low,,https://images.openfoodfacts.org/images/products/002/050/001/7094/front_en.jpg
24335304206,Organic Popcorn,Bearitos,,,United States,"Organic popcorn, organic expeller pressed canola and/or safflower and/or sunflower oil, salt.",,Low,,https://images.openfoodfacts.org/images/products/002/433/530/4206/front_en.jpg
11535505809,Organic Tomato Paste,Wild Harvest,,,United States,"Organic tomato paste, citric acid.",en:e330,Low,,https://images.openfoodfacts.org/images/products/001/153/550/5809/front_en.jpg
23923202092,"Organic Letter Of The Day Cookies, Very Vanilla","Earth's Best,  Seasame Workshop",,,United States,"Organic wheat flour, organic evaporated cane syrup, organic palm oil, organic molasses, leavening (sodium bicarbonate, ammonium bicarbonate, monocalcium phosphate), natural vanilla flavor with other natural flavors, sea salt, natural butter flavor, vitamins & minerals (ferric orthophosphate, niacinamide, zinc oxide, cyanocobalamin, maltodextrin, folic acid, thiamine mononitrate, pyridoxine hydrochloride, riboflavin),","en:e101,en:e101i,en:e341,en:e341i,en:e500,en:e500ii",Medium,,https://images.openfoodfacts.org/images/products/002/392/320/2092/front_en.jpg
22506003873,Organic Mayonnaise With Extra Virgin Olive Oil,Spectrum Naturals,,,United States,"Organic expeller pressed soy and/or canola oil, organic whole eggs, organic egg yolks, organic extra virgin olive oil, filtered water, organic honey, organic distilled vinegar, sea salt, organic mustard (organic distilled vinegar, water, organic mustard seed, salt, organic spices), organic lemon juice concentrate.",,Low,,https://images.openfoodfacts.org/images/products/002/250/600/3873/front_en.jpg
22506677890,Organic Ground Premium Flaxseed Dietary Supplement,Spectrum,,,United States,Organic cold milled ground flaxseed.,,Low,,https://images.openfoodfacts.org/images/products/002/250/667/7890/front_en.jpg
21908455525,Organic Hearty Morning Fiber Cereal,"Cascadian Farm,  Small Planet Foods  Inc.",,,United States,"Whole grain wheat*, whole grain oats*, cane sugar*, rice*, wheat bran*, oat fiber*, sunflower oil*, honey*, sea salt, invert cane syrup*, molasses*, vanilla extract*. vitamin e (mixed tocopherols) added to preserve freshness.",,Medium,,https://images.openfoodfacts.org/images/products/002/190/845/5525/front_en.jpg
11150734769,"Organic Almonds, Dark Chocolate",Simply Roundy's,,,United States,"Organic dark chocolate coating (organic sugar, organic dried cane syrup, organic chocolate liquor, organic cocoa butter, organic soy lecithin [emulsifier], organic vanilla), organic almonds, water, organic maltodextrin, organic sugar.","en:e322,en:e322i",Medium,,https://images.openfoodfacts.org/images/products/001/115/073/4769/front_en.jpg
30568115298,"Ginger Chews, Organic Chewy Candies",Goorganic,,,United States,"Organic brown rice syrup, organic evaporated cane syrup, organic palm shortening, natural flavor, organic rice extract and organic cayenne pepper powder.",,Low,,https://images.openfoodfacts.org/images/products/003/056/811/5298/front_en.jpg
36800012059,Organic Crispy Cinnamon Crunch Cereal,"Full Circle Market,  Topco Associates  Inc.",,,United States,"Organic whole grain wheat, organic cane sugar, organic whole grain brown rice, organic oat hull fiber, organic cinnamon, sea salt, calcium carbonate, tocopherols (antioxidants to maintain freshness).","en:e170,en:e307c",Medium,,https://images.openfoodfacts.org/images/products/003/680/001/2059/front_en.jpg
41190460373,Shredded Cheddar Natural Cheese,Wakefern Food Corp.,,,United States,"Pasteurized milk, cheese culture, salt, enzymes and annatto (vegetable color), potato starch, corn starch and calcium sulfate added to prevent caking. natamycin (a natural mold inhibitor).","en:e160b,en:e235",Low,,https://images.openfoodfacts.org/images/products/004/119/046/0373/front_en.jpg
18894123262,Apple Sauce,Big Y,,,United States,"Apples, high fructose corn syrup, corn syrup, water, ascorbic acid (to maintain color).",en:e300,Low,,https://images.openfoodfacts.org/images/products/001/889/412/3262/front_en.jpg
31142526752,All Natural Romano Cheese,Belgioioso,,,United States,"Crafted from cultured milk, enzymes salt.",,Low,,https://images.openfoodfacts.org/images/products/003/114/252/6752/front_en.jpg
36800418226,Iced Tea Mix,Topco Associates  Inc.,,,United States,"Sugar, citric acid, instant tea, caramel color, natural lemon flavor with other natural flavors, artificial color (red 40).","en:e129,en:e150a,en:e330",Low,,https://images.openfoodfacts.org/images/products/003/680/041/8226/front_en.jpg
31142001334,"Scamorza - Rella, Natural Fresh Mozzarella Cheese","Bel Gioioso,  Belgioioso Cheese  Inc.",,,United States,"Cultured pasteurized milk, enzymes, slat.",,Medium,,https://images.openfoodfacts.org/images/products/003/114/200/1334/front_en.jpg
22655829263,"Natural Inspiration, Dinner Sized Turkey Meatballs",Butterball,,,United States,"Ground turkey, breadcrumbs (wheat flour, salt, yeast, soybean oil), water, contains less than 2% of salt, sugar, maltodextrin, whey powder, spices, romano cheese pasteurized part skim-milk, cheese cultures, salt, enzymes), parmesan cheese (part-skim milk, cheese culture, salt (enzymes), dextrose, onion powder, garlic powder, parsley, natural flavors, spice extractives, vinegar.",,Medium,,https://images.openfoodfacts.org/images/products/002/265/582/9263/front_en.jpg
12000012730,"Diet Iced Tea, Lemon Flavor With Other Natural Flavors","Lipton,  Unilever",,,United States,"Water, citric acid, black tea, sodium hexametaphosphate (to protect flavor), natural flavor, phosphoric acid, potassium sorbate (preserves freshness), potassium benzoate (preserves freshness), sucralose, citrus pectin, acesulfame potassium , calcium disod","en:e202,en:e212,en:e330,en:e338,en:e440,en:e440i,en:e950,en:e955",Medium,,https://images.openfoodfacts.org/images/products/001/200/001/2730/front_en.jpg
37600132831,"Natural Choice, Deli Roast Beef",Hormel,,,United States,"**solution ingredients: water, salt, turbinado sugar, baking soda, natural flavoring",,Low,,https://images.openfoodfacts.org/images/products/003/760/013/2831/front_en.jpg
31506330278,Turkey Breast,"Dietz & Watson,  Dietz & Watson Inc.",,,United States,"Turkey breast, water, contains less than 2% of sea salt, organic sugar, potassium lactate, sodium phosphate, potassium chloride, sodium diacetate.","en:e262,en:e262ii,en:e326,en:e339,en:e508",Low,,https://images.openfoodfacts.org/images/products/003/150/633/0278/front_en.jpg
13562000869,Organic Snack Mix,Annie's,,,United States,"Organic wheat flour, organic expeller-pressed vegetable oil (organic sunflower oil, organic canola oil), salt, organic cane sugar, organic cheddar cheese (pasteurized organic milk, cheese cultures, sea salt, enzymes), organic cream, organic yeast, organic",,Low,,https://images.openfoodfacts.org/images/products/001/356/200/0869/front_en.jpg
11194365349,"S & W, Crushed Tomatoes With Oregano & Basil In Rich Puree",S & W Fine Foods  Inc.,,,United States,"Tomato puree, tomatoes, salt, oregano, basil, thyme, black pepper, anise, citric acid, calcium chloride.","en:e330,en:e509",Low,,https://images.openfoodfacts.org/images/products/001/119/436/5349/front_en.jpg
41497094639,Lowfat Yogurt With Other Natural Flavors,Weis,,,United States,"Cultured pasteurized grade a lowfat milk, sugar, corn syrup, modified cornstarch, kosher gelatin, natural flavors, citric acid, sodium citrate, potassium sorbate ( to maintain freshness) and annatto (color). contains active yogurt cultures with l.bulgaricus, s. thermophilus, bifidus, l. acidophilus, and l. casei cultures","en:e160b,en:e202,en:e330,en:e331,en:e428",Medium,,https://images.openfoodfacts.org/images/products/004/149/709/4639/front_en.jpg
35844145754,"Calnaturale, Svelte, Protein Shake, Spiced Chai",California Natural Products,,,United States,"Organic soymilk (filtered water, organic soybeans), organic rice syrup solids, organic dried cane syrup, organic inulin, vitamin & mineral blend (vitamin a palmitate, vitamin d2, vitamin b12, vitamin e, vitamin b2, calcium carbonate and zinc), organic bla","en:e101,en:e101i",Low,,https://images.openfoodfacts.org/images/products/003/584/414/5754/front_en.jpg
12511211356,Organic Raw Blue Agave Nectar,Wholesome,,,United States,Organic blue agave nectar (amber).,,Low,,https://images.openfoodfacts.org/images/products/001/251/121/1356/front_en.jpg
21130048892,Natural Swiss Emmentaler Cheese,"Lucerne,  Safeway  Inc.",,,United States,"Pasteurized part-skim milk, cheese culture, salt, enzymes.",,Low,,https://images.openfoodfacts.org/images/products/002/113/004/8892/front_en.jpg
19646005461,Organic Juice,Harmons Inc,,,United States,Pasteurized unfiltered cider from 100% certified organic apples.,,Low,,https://images.openfoodfacts.org/images/products/001/964/600/5461/front_en.jpg
32601089337,Organic Kit Garden Party Salad,Earthbound Farm Organic,,,United States,"Salad: organic baby lettuces (red & green romaine, red & green oak leaf, red leaf, lollo rosa, tango, butter lettuce) organic red & green chard, organic mizuna, organic arugula, organic radicchio, organic baby spinach, organic pak-choi, organic komatsuna, organic baby kale, organic baby tatsoi, organic baby mustard, organic baby tatsoi, organic baby mustard, organic baby collard, the ingredients in each package may vary. cheese: organic feta cheese (pasteurized organic milk, salt, cheese culture, enzymes), organic potato starch (to prevent caking). topping: organic roasted sunflower kernels, organic dried cranberries (organic cranberries, organic sugar, organic sunflower oil), organic wild dried blueberries (organic wild blueberries, organic dried cane syrup, organic sunflower oil). dressing: water, organic evaporated cane juice, organic red wine, vinegar, organic expeller pressed soy oil organic raspberry juice concentrate, organic balsamic vinegar (organic grape must, organic wine vinegar), organic white wine, organic apple juice concentrate salt, natural flavor, organic parmesan cheese (pasteurized organic cow's milk, salt, cheese culture, enzymes), cold pressed organic olive oil, organic dijon mustard (organic apple cider vinegar, water,organic mustard seed, salt, organic spices), organic onion, xanthan gum, organic basil, organic dehydrated garlic, organic spices, organic lemon juice concentrate, organic dehydrated red bell pepper.",en:e415,Low,,https://images.openfoodfacts.org/images/products/003/260/108/9337/front_en.jpg
13562491612,Organic Popcorn,Annie's,,,United States,"Best ingredients: organic popcorn, organic expeller-pressed sunflower oil, organic dried cheddar cheese (organic cultured pasteurized milk, salt, enzymes), organic whey, organic nonfat milk, salt, sodium phosphate.",en:e339,Low,,https://images.openfoodfacts.org/images/products/001/356/249/1612/front_en.jpg
41220908851,"H-E-B, Organics, Mushrooms Pasta Sauce","Central Market,  Central Market H-E-B",,,United States,"Organic diced tomatoes (tomatoes calcium chloride, citric acid), water, organic tomato paste, organic fresh mushrooms, organic fresh portobello mushrooms, organic canola oil, salt, organic fresh garlic, organic dried porcini mushrooms, organic dehydrated basil, organic dehydrated onion & organic black pepper.","en:e330,en:e509",Low,,https://images.openfoodfacts.org/images/products/004/122/090/8851/front_en.jpg
23923206038,"Organic, Organic Mini Waffles","Earth's Best,  Earth's Best Organic",,,United States,"Organic whole wheat flour, water, organic canola and/or organic soybean oil, organic evaporated cane syrup, contains 2% or less of: leavening (sodium acid pyrophosphate, sodium bicarbonate, monocalcium phosphate), organic wheat bran, organic pear juice concentrate, organic soy lecithin, organic flavor, sea salt, zinc sulphate, niacinamide, reduced iron, vitamin b12, riboflavin, pyridoxine hydrochloride, thiamin mononitrate, folic acid.","en:e101,en:e101i,en:e322,en:e322i,en:e341,en:e341i,en:e450,en:e500,en:e500ii",Low,,https://images.openfoodfacts.org/images/products/002/392/320/6038/front_en.jpg
11150001076,"Select, Gelato, Coconut Pineapple Swirl",Roundy's,,,United States,"Milk, pure cane sugar, fresh cream, coconut oil, dextrose, toasted coconut, glucose, natural flavors, cellulose gum, taragum, maltodextrin., pineapple swirl: pure cane sugar, filtered water, pineapple, glucose, dextrose, pectin, citric acid, natural flavors, cellulose gum, maltodextrin.","en:e330,en:e440,en:e440i,en:e466",Low,,https://images.openfoodfacts.org/images/products/001/115/000/1076/front_en.jpg
27568060871,Caramel Colored Chicken Breast,Tropical Cheese Industries Inc,,,United States,"Chicken, water, salt, potassium lactate, sugar, chicken flavor (chicken, salt, flavoring), sodium phosphates, sodium diacetate, sodium erythorbate, sodium nitrite, coated with: caramel color, sunflower oil, natural flavor.","en:e150a,en:e250,en:e262,en:e262ii,en:e316,en:e326,en:e339",Low,,https://images.openfoodfacts.org/images/products/002/756/806/0871/front_en.jpg
41420411229,"Organic, Candy Drops","Black Forest,  Ferrara Candy Company",,,United States,"Organic tapioca syrup, organic evaporated cane syrup, citric acid, natural flavors, fruit and vegetable juices added for color (grape, radish, apple, blackcurrant, beet).",en:e330,Low,,https://images.openfoodfacts.org/images/products/004/142/041/1229/front_en.jpg
41196138634,Organic Chicken Noodle Soup,Annie's,,,United States,"Chicken broth* (water, chicken stock*, sea salt), cooked chicken meat* (chicken meat*, water, corn starch*, soy protein concentrate*, sea salt, rosemary extract*), egg noodle* (water, semolina wheat*, whole egg*, egg white*), carrots*, celery*, corn starc",,Low,,https://images.openfoodfacts.org/images/products/004/119/613/8634/front_en.jpg
39047001312,Pure Butter Shortbread Triangles,Walkers,"Sugary snacks,Biscuits and cakes,Biscuits,fr:Sablés",,"France,United States","Farine de _blé_ (farine de _blé_, carbonate de calcium, fer, niocine, thiamine), beurre (_lait_) 31%, sucre, sel",en:e170,Low,,https://images.openfoodfacts.org/images/products/003/904/700/1312/front_en.jpg
34000722099,Sugar Free Spearmint Chews,Ice Breakers,,,United States,"Xylitol; maltitol syrup, mannitol; contains 2% or less of: cellulose gum; natural and artificial flavor; maltodextrin; maltitol; soy lecithin; artificial color (blue 1; yellow 5).","en:e102,en:e133,en:e322,en:e322i,en:e421,en:e466,en:e965,en:e965i,en:e965ii,en:e967",High,,https://images.openfoodfacts.org/images/products/003/400/072/2099/front_en.jpg
41415377431,Organic Ice Cream,Publix Super Markets  Inc.,,,United States,"Organic milk and organic cream, organic cane sugar, organic sea salt caramel [organic whole milk, organic tapioca starch, organic sugar, water, organic heavy cream (milk), organic butter {organic pasteurized cream (milk)}, organic palm kernel oil, sea sal",,Low,,https://images.openfoodfacts.org/images/products/004/141/537/7431/front_en.jpg
11150180535,Natural Light Popcorn,Roundy's,,,United States,"Popcorn, palm oil with preservative (tbhq), salt, potassium chloride.","en:e319,en:e508",Medium,,https://images.openfoodfacts.org/images/products/001/115/018/0535/front_en.jpg
31493082006,Organic Plain Bagels,Rudi's Organic Bakery,,,United States,"Organic wheat flour, water, organic white whole wheat flour, organic sugar, organic wheat gluten, organic whole wheat flour, organic oat flour, yeast, salt, organic oat fiber, organic high oleic sunflower oil, organic raisin juice concentrate, organic malted barley flour, guar gum, organic cultured wheat starch, organic corn meal, organic vinegar, citric acid, lactic acid, enzymes, ascorbic acid.","en:e270,en:e300,en:e330,en:e412",Low,,https://images.openfoodfacts.org/images/products/003/149/308/2006/front_en.jpg
20735112427,"All Natural Gelato, Peach Mango",Turkey Hill,,,United States,"Nonfat milk, cream, sugar, mango puree, natural flavors.",,Low,,https://images.openfoodfacts.org/images/products/002/073/511/2427/front_en.jpg
13562300129,"Organic Ancient Grains Elbows & White Cheddar, Macaroni & Cheese",Annie's,,,United States,"Organic ancient grains elbow macaroni (organic durum wheat, organic wheat, organic quinoa*, organic amaranth*, organic spelt*, organic kamut wheat*), organic cheddar cheese (organic cultured pasteurized milk, salt, non-animal enzymes), organic whey, salt,",,Low,,https://images.openfoodfacts.org/images/products/001/356/230/0129/front_en.jpg
22506165052,Organic Toasted Sesame Oil,Spectrum,,,United States,100% mechanically (expeller) pressed unrefined organic toasted sesame oil.,,Low,,https://images.openfoodfacts.org/images/products/002/250/616/5052/front_en.jpg
19063012769,"Purified Water Beverage, Natural Grape","Fruit2o,  Sunny Delight Beverages Company",,,United States,"Purified water, contains less than 2% of natural flavor, citric acid, sodium citrate, sucralose, sodium hexametaphosphate, potassium sorbate and sodium benzoate to protect flavor.","en:e330,en:e331,en:e955",Medium,,https://images.openfoodfacts.org/images/products/001/906/301/2769/front_en.jpg
25293003637,"Organic Delicious Almondmilk, Original Almond","Silk,  Wwf Operating Company",,,United States,"Organic almondmilk (filtered water, organic almonds), organic cane sugar, contains 2% or less of: vitamin & mineral blend (including calcium carbonate, vitamin e acetate, vitamin a palmitate, vitamin d2), sea salt, organic locust bean gum, gellan gum.","en:e170,en:e410,en:e418",Low,,https://images.openfoodfacts.org/images/products/002/529/300/3637/front_en.jpg
32601901868,Organic Half & Half Baby Spinach Bay Argula,"Earthbound Farm,  Earthbound Farm  Llc",,,United States,"Organic baby spinach, organic baby arugula.",,Low,,https://images.openfoodfacts.org/images/products/003/260/190/1868/front_en.jpg
15400196314,Organic Soy Beans,Natural Directions,,,United States,"Organic soy beans, water, sea salt.",,Low,,https://images.openfoodfacts.org/images/products/001/540/019/6314/front_en.jpg
41000119767,"Sugar Sweetened Iced Tea Mix, Raspberry Flavor With Other Natural Flavor","Lipton,  Unilever",,,United States,"Cane sugar, citric acid (provides tartness), instant tea powder, maltodextrin, silicon dioxide (prevents caking), natural flavor, red 40, yellow 6.","en:e110,en:e129,en:e330,en:e551",Medium,,https://images.openfoodfacts.org/images/products/004/100/011/9767/front_en.jpg
36800087040,Organic Tea,,,,United States,Ingredients: organic black tea organic oil of bergamot.,,Low,,https://images.openfoodfacts.org/images/products/003/680/008/7040/front_en.jpg
36800177413,Organic Vegetable Chicken Dinner For Babies,"Full Circle,  Topco",,,United States,"Water, organic potatoes, organic carrots, organic apple puree, organic chicken, organic celery, organic barley flour, organic peas.",,Low,,https://images.openfoodfacts.org/images/products/003/680/017/7413/front_en.jpg
31493060578,"Rudis Organic Bakery, Soft Wheat Kids Bread",The Hain Celestial Group  Inc.,,,United States,"Water, organic whole wheat flour, organic wheat flour, organic cane sugar, organic sunflower oil and/or organic safflower oil, yeast, organic potato flour, organic wheat gluten, organic wheat bran, sea salt, organic cultured wheat flour, organic oat flour",,Low,,https://images.openfoodfacts.org/images/products/003/149/306/0578/front_en.jpg
12993112035,Natural Mango Essenced Sparkling Water,La Croix,,,United States,"Carbonated water, natural flavor.",,Low,,https://images.openfoodfacts.org/images/products/001/299/311/2035/front_en.jpg
41220021819,"Organic Italian Soda, Orange, Orange Blossom & Rose","Central Market,  H E Butt Grocery Company",,,United States,"Carbonated water, organic sugar, organic orange juice from concentrate, organic lemon juice from concentrate, citric acid, organic orange blossom flavor, organic rose flavor, natural flavors.",en:e330,Low,,https://images.openfoodfacts.org/images/products/004/122/002/1819/front_en.jpg
30684700880,Natural Guacamole Trail Mix,Plentiful Planet,,,United States,"White corn masa flour, wheat flour, peanuts, soybean oil, guacamole seasoning (dehydrated spinach, salt, onion and garlic powder, natural avocado flavor, dehydrated parsley, citric acid, natural lime flavor, spinach powder, red cabbage and turmeric oleore",en:e330,Low,,https://images.openfoodfacts.org/images/products/003/068/470/0880/front_en.jpg
41318210576,Sugar Free Original Syrup,Schnuck Markets  Inc.,,,United States,"Water, sorbitol, contains less than 2% of cellulose gum, sucralose (splenda brand) (a nonnutritive sweetener), natural and artificial flavors, acesulfame potassium, potassium chloride, xanthan gum, caramel color, phosphoric acid, salt, sodium hexametaphos","en:e150a,en:e338,en:e415,en:e420,en:e420i,en:e466,en:e508,en:e950,en:e955",Low,,https://images.openfoodfacts.org/images/products/004/131/821/0576/front_en.jpg
36800056091,Organic Crushed Tomatoes,Full Circle,,,United States,"Organic crushed tomatoes (water, organic concentrated crushed tomatoes).",,Low,,https://images.openfoodfacts.org/images/products/003/680/005/6091/front_en.jpg
11150021050,Organic 100% Vegetable Juice,Simply Roundy's,,,United States,"Organic tomato juice from concentrate (water, organic tomato concentrate), reconstituted organic vegetable juices of organic carrots, organic celery, organic beets, organic parsley, organic lettuce, organic watercress, and organic spinach, salt, vitamin c",,Low,,https://images.openfoodfacts.org/images/products/001/115/002/1050/front_en.jpg
11213031705,Healthy Condensed Soup,Spratan,,,United States,"Water, mushrooms, modified food starch, wheat flour, soybean oil, contains less than 2% of: salt, cream, whey, potassium chloride, soy protein concentrate, yeast extract, natural flavor, calcium carbonate, onion powder, titanium dioxide (color), garlic po","en:e170,en:e171,en:e508",Low,,https://images.openfoodfacts.org/images/products/001/121/303/1705/front_en.jpg
41318171471,All Natural Horseradish Mustard,Schnucks,,,United States,"Vinegar, water, mustard seed, salt, horseradish powder, red pepper.",,Low,,https://images.openfoodfacts.org/images/products/004/131/817/1471/front_en.jpg
36800114302,"100% Natural Granola With Oats, Honey & Almonds",Food Club,,,United States,"Whole grain rolled oats, brown sugar, whole grain rolled wheat, canola oil, almonds, dried unsweetened coconut nonfat milk, honey, natural flavor, soy lecithin.","en:e322,en:e322i",Medium,,https://images.openfoodfacts.org/images/products/003/680/011/4302/front_en.jpg
19063232334,"Flavored Purified Water Beverage, Natural Cherry","Fruit2o,  Sunny Delight Beverages Company",,,United States,"Purified water, contains less than of natural flavor, citric acid, sodium citrate, sucralose, sodium hexametaphosphate, potassium sorbate and sodium benzoate to protect flavor.","en:e330,en:e331,en:e955",Medium,,https://images.openfoodfacts.org/images/products/001/906/323/2334/front_en.jpg
35826076410,100 % pure Maple syrup,"Food Lion,  Food Town Stores Inc.","Sweeteners,Syrups,Simple syrups,Maple syrups",,United States,"100% pure, grade a dark color robust taste maple syrup.",,Low,,https://images.openfoodfacts.org/images/products/003/582/607/6410/front_en.jpg
36800389700,Organic Sweet Thai Chili Sauce,Full Circle,,,United States,"Filtered water, organic sugar, organic white vinegar, organic red jalapeno peppers, organic corn starch, organic orange juice concentrate, organic pineapple juice concentrate organic ginger puree, salt, organic garlic, organic soybean oil, organic red bell peppers, organic lemon grass, xanthan gum (a natural thickener)",en:e415,Low,,https://images.openfoodfacts.org/images/products/003/680/038/9700/front_en.jpg
11150272513,Pure Olive Oil,Roundy's,,,United States,Olive oil composed of refined olive oils and extra virgin olive oil.,,Low,,https://images.openfoodfacts.org/images/products/001/115/027/2513/front_en.jpg
20735112021,"All Natural Ice Cream, Belgium Style Chocolate",Turkey Hill,,,United States,"Cream, sugar, nonfat milk, belgian-style chocolate base [sugar, water, cocoa, honey, unsweetened belgian chocolate, salt, backing soda (sodium bicarbonate)], cocoa.","en:e500,en:e500ii",Low,,https://images.openfoodfacts.org/images/products/002/073/511/2021/front_en.jpg
41449450193,Organic Yellow Cake Mix,Krusteaz,,,United States,"Organic wheat flour, organic sugar. contains 2% or less of the following: baking soda, organic soybean oil, sea salt, xanthan gum, organic natural flavors (contains milk), organic guar gum, organic arabic gum, monocalcium phosphate (leavening), sodium aci","en:e341,en:e341i,en:e412,en:e415",Low,,https://images.openfoodfacts.org/images/products/004/144/945/0193/front_en.jpg
21718412169,"Natural Fine Sea Salt Infused With Organic, Fresh Herbs And Veegetbales",Bioforce Production,,,United States,"Sea salt, celery*, leek*, cress*, onion*, chives*, parsley*, lovage*, garlic*, basil*, marjoram*, rosemary*, thyme*, kelp. *certified organic",,Medium,,https://images.openfoodfacts.org/images/products/002/171/841/2169/front_en.jpg
41190008940,Enriched Precooked Natural Long Grain Rice,Shoprite,,,United States,"Enriched precooked long grain rice [rice, niacinamide (niacin), ferric orthophosphate (iron), thiamin hydrochloride (thiamin), folic acid].",en:e375,Medium,,https://images.openfoodfacts.org/images/products/004/119/000/8940/front_en.jpg
21985220238,Parsley Puree,Goodness Garden,,,United States,"Fresh parsley, water, canola oil, glucono delta lactone, sugar, citric acid, salt, xanthan gum, calcium ascorbate","en:e302,en:e330,en:e415,en:e575",Low,,https://images.openfoodfacts.org/images/products/002/198/522/0238/front_en.jpg
35826058836,Natural Swiss Cheese,"Food Lion,  Food Town Stores Inc.",,,United States,"Pasteurized part-skim milk, cheese culture, salt and enzymes",,Low,,https://images.openfoodfacts.org/images/products/003/582/605/8836/front_en.jpg
19521550079,Organic Extra Virgin Olive Oil,Carapelli,,,United States,Organic extra virgin olive oil.,,Low,,https://images.openfoodfacts.org/images/products/001/952/155/0079/front_en.jpg
39047017689,Pure Butter MINI CHOC CHIP SHORTBREAD ROUNDS,Walkers,,,"Switzerland,United States","Farine de blé (farine de blé, carbonate de calcium, fer, niacine, thiamine), beurre (lait) (26%), sucre, pépites de chocolat (10%) (sucre, pâte de cacao, beurre de cacao, émulsifant: lécithine de soia; arôme naturel de vanille), sel.","en:e170,en:e322,en:e322i,en:e375",Low,,https://images.openfoodfacts.org/images/products/003/904/701/7689/front_en.jpg
23547400218,Organic Mellow White Miso,American Miso Company,,,United States,"Organic whole soybeans, organic handmade rice koji, sun dried sea salt, blue ridge mtn well water, koji spores.",,Low,,https://images.openfoodfacts.org/images/products/002/354/740/0218/front_en.jpg
20700411005,"Organic Herbal Tea, Calming Vanilla Chamomile",Salada,,,United States,"Organic chamomile, organic lemongrass, organic spearmint, natural vanilla flavor.",,Low,,https://images.openfoodfacts.org/images/products/002/070/041/1005/front_en.jpg
30223004233,Organic 50/50 Blend Baby Spring Mix & Baby Spinach,Taylor Farms,,,United States,"Baby organic spinach, organic spring mix (may contain some or all of the following baby whole leaf varieties: organic green leaf, organic mizuna, organic green romaine, organic tango, organic green oak, organic green chard, organic baby spinach, organic a",,Low,,https://images.openfoodfacts.org/images/products/003/022/300/4233/front_en.jpg
12993112028,100% Natural Peach-Pear Flavored Sparkling Water,Winter Brook Corporation,,,United States,"Carbonated water, natural flavor.",,Medium,,https://images.openfoodfacts.org/images/products/001/299/311/2028/front_en.jpg
41318290431,100% Natural Granola,Schnucks,,,United States,"Whole grain oats, brown sugar, banana chips (banana, sugar, coconut oil, natural banana flavoring), almonds, coconut, pecans, maltodextrin (dietary fiber), natural flavors, salt, mixed tocopherols (vitamin e, soybean oil).",en:e307c,Medium,,https://images.openfoodfacts.org/images/products/004/131/829/0431/front_en.jpg
41190576098,"Instant Sugar Free Oatmeal, Maple & Brown Sugar",Shop Rite,,,United States,"Whole grain rolled oats, salt, natural flavor, caramel color, guar gum, sucralose (splenda brand), vitamins and minerals: calcium carbonate (a source of calcium), niacinamide*, reduced iron, vitamin a palmitate, pyridoxine hydrochloride*, riboflavin*, thiamin mononitrte*, folic acid*, vitamin d.","en:e101,en:e101i,en:e150a,en:e170,en:e412,en:e955",Low,,https://images.openfoodfacts.org/images/products/004/119/057/6098/front_en.jpg
41253001857,Organic Balsamic Vinegar Of Modena,"Napoleon,  The Napoleon Co.",,,United States,Organic balsamic vinegar of modena.,,Low,,https://images.openfoodfacts.org/images/products/004/125/300/1857/front_en.jpg
25317006958,"Naturals, Chicken & Apple Breakfast Sausage",Applegate,,,United States,"Chicken****, dried apples, water. contains less than 2% of the following: honey, salt, spices, parsley.",,Low,,https://images.openfoodfacts.org/images/products/002/531/700/6958/front_en.jpg
11110503329,"100% Pure Orange Juice, Orange","Simple Truth Organic,  The Kroger Co.",,,United States,"Organic orange juice, calcium phosphate, vitamin d3.",en:e341,Low,,https://images.openfoodfacts.org/images/products/001/111/050/3329/front_en.jpg
41190459544,Certified Organic 1% Milkfat Lowfat Milk,"Shoprite,  Wakefern Food Corporation",,,United States,"Organic grade a lowfat milk, vitamin a palmitate, vitamin d3.",,Low,,https://images.openfoodfacts.org/images/products/004/119/045/9544/front_en.jpg
24335162264,Organic Green Chili,Bearitos,,,United States,"Water, organic pinto beans, organic green chiles, sea salt.",,Medium,,https://images.openfoodfacts.org/images/products/002/433/516/2264/front_en.jpg
34856881230,"Go Organically, Fruit Snacks, Mixed Berry",The Promotion In Motion Companies  Inc.,,,United States,"Organic cane sugar, organic tapioca syrup, organic juices and purees blend (grape, pear, pineapple, apple, orange, strawberry and raspberry), water, gelatin, organic tapioca starch, organic corn starch, organic agar, citric acid, ascorbic acid, lactic aci","en:e300,en:e330,en:e406,en:e428",Low,,https://images.openfoodfacts.org/images/products/003/485/688/1230/front_en.jpg
39045192029,"Kuhne, Salata, Seasoned Vinegar Dressing",Carl Kuhne Kg,,,United States,"Water, spirit vinegar, wine vinegar, sugar, salt, natural herb flavoring, seasoning (contains soy), artificial coloring (caramel).",en:e150,Low,,https://images.openfoodfacts.org/images/products/003/904/519/2029/front_en.jpg
20662000217,"All Natural Pasta Sauce, Mushroom Marinara",Newman's Own,,,United States,"Tomato puree (water, tomato paste, citric acid), diced tomatoes, mushrooms, cane sugar, salt, extra virgin olive oil, spices, onion*, garlic*, *dried.",en:e330,Low,,https://images.openfoodfacts.org/images/products/002/066/200/0217/front_en.jpg
11110849397,Organic Pinto Beans,Simple Truth Organic,,,United States,"Water, organic pinto beans, sea salt.",,Low,,https://images.openfoodfacts.org/images/products/001/111/084/9397/front_en.jpg
11150511186,Organic 2% Reduced Fat Milk,Roundy's,,,United States,"Organic grade a reduced fat milk, vitamin a palmitate, vitamin d3.",,Low,,https://images.openfoodfacts.org/images/products/001/115/051/1186/front_en.jpg
12005000589,"1-2-3, Pure Corn Oil",Fabrica De Jabon La Corona Sa,,,United States,"Ingredients: corn oil, tbhq (antioxidant).",en:e319,Medium,,https://images.openfoodfacts.org/images/products/001/200/500/0589/front_en.jpg
41220021826,"Organic Italian Soda, Pineapple, Juniper, Berry","Central Market,  H E Butt Grocery Company",,,United States,"Carbonated water, organic sugar, organic pineapple juice from concentrate, organic orange juice from concentrate, organic lemon juice from concentrate, natural juniper flavor, natural flavors.",,Low,,https://images.openfoodfacts.org/images/products/004/122/002/1826/front_en.jpg
36800079427,Organic Caesar Dressing,"Full Circle,  Topco Associates  Inc.",,,United States,"Filtered water, organic soybean oil, organic white vinegar, organic parmesan cheese (organic pasteurized cows milk, salt, cheese cultures, enzymes, organic potato starch added to prevent caking), organic egg yolks, organic romano cheese (organic pasteuriz",,Low,,https://images.openfoodfacts.org/images/products/003/680/007/9427/front_en.jpg
34500140089,"Margarine, Pure And Creamy","Land O Lakes,  Land O' Lakes  Inc",,,United States,"Soybean oil, palm oil, water, buttermilk, contains less than 2% of salt, soy lecithin, potassium sorbate (preservative), monoglycerides (emulsifier), lactic acid, natural and artificial flavor, vitamin a palmitate, beta carotene (color).","en:e160a,en:e160ai,en:e202,en:e270,en:e322,en:e322i",Medium,,https://images.openfoodfacts.org/images/products/003/450/014/0089/front_en.jpg
41497099672,Organic Milk,"Weis Quality,  Weis Markets  Inc.",,,United States,"Organic grade a lowfat milk, vitamin a palmitate, vitamin d3.",,Low,,https://images.openfoodfacts.org/images/products/004/149/709/9672/front_en.jpg
20601409354,Organic Diced Tomatoes,Heinen's,,,United States,"Organic fire roasted diced tomatoes, organic tomato juice (organic tomato paste and water), sea salt, calcium chloride, naturally derived citric acid.","en:e330,en:e509",Low,,https://images.openfoodfacts.org/images/products/002/060/140/9354/front_en.jpg
41188048132,"Salsa Style Diced Tomatoes Petite, Spicy Green Chilies & Lime",Furmano's,,,United States,"Diced tomatoes, tomato juice, sea salt, green chili peppers, cilantro, lime flavor, citric acid, capsicum, calcium chloride","en:e330,en:e509",Low,,https://images.openfoodfacts.org/images/products/004/118/804/8132/front_en.jpg
20487007200,Organic Lemon Yay Fruit Drink,Blueprint,,,United States,"Water, organic lemon juice, organic agave syrup, organic pepper extract with cayenne.",,Low,,https://images.openfoodfacts.org/images/products/002/048/700/7200/front_en.jpg
290906,Organic Creamy Tomato Soup,Trader Joe's,,,United States,"Organic reduced fat milk, water, organic tomato paste, organic cane sugar, sea salt, sodium citrate, organic rice flour, organic cheese flavor (organic cheddar cheese [pasteurized milk, cultures, salt, enzymes], water, salt, sodium citrate, xantham gum),",en:e331,Low,,https://images.openfoodfacts.org/images/products/000/000/029/0906/front_en.jpg
32251055461,"Low Calorie Sugar Free Drink Mix, Fruit Punch",Family Gourmet,,,United States,"Citric acid, maltodextrin, natural and artificial flavor, aspartame**, calcium phosphate, sodium citrate, red 40, contains less than 2% of potassium citrate, acesulfame potasium, gum arabic, magnesium oxide, calcium silicate, artificial color, blue 1. **phenylketonurics: contains phenylalanine.","en:e129,en:e330,en:e331,en:e332,en:e341,en:e414,en:e530,en:e552,en:e951",High,,https://images.openfoodfacts.org/images/products/003/225/105/5461/front_en.jpg
36800151246,Organic Animal Cookies,"Full Circle,  Topco",,,United States,"Organic enriched wheat flour (niacin, iron, thiamine mono nitrate, riboflavin, folic acid), organic dehydrated cane sugar, organic canola oil and/or organic sunflower oil and/or organic palm oil, organic cane sugar syrup, baking soda, sea salt, organic soy lecithin, organic vanilla extract.","en:e101,en:e101i,en:e322,en:e322i,en:e375",Low,,https://images.openfoodfacts.org/images/products/003/680/015/1246/front_en.jpg
17600083067,All Natural Taco Sauce,Casa Fiesta,,,United States,"Tomatoes, tomato puree (water, tomato paste), green chili peppers, vinegar jalapeno peppers, onion, salt potato starch, garlic and cilantro.",,Low,,https://images.openfoodfacts.org/images/products/001/760/008/3067/front_en.jpg
13087218220,"Otis Spunkmeyer, Chocolate Chunk Cookie, Naturally Flavored",Aryzta  Llc,,,United States,"Enriched bleached flour (bleached wheat flour, malted barley flour, niacin, reduced iron, thiamine mononitrate, riboflavin, folic acid), semi-sweet chocolate chunks (sugar, unsweetened chocolate, cocoa butter, dextrose, soy lecithin, natural vanilla extra","en:e101,en:e101i,en:e322,en:e322i,en:e375",Low,,https://images.openfoodfacts.org/images/products/001/308/721/8220/front_en.jpg
41318021356,Tomato Puree,Schnucks,,,United States,"Tomato puree (water, tomato paste), citric acid.",en:e330,Low,,https://images.openfoodfacts.org/images/products/004/131/802/1356/front_en.jpg
33900000276,All Natural Little Turkey Sausages,Jones Dairy Farm,,,United States,"Turkey, water potato starch, salt, dextrose, sugar, spices, in a collagen casing.",,Low,,https://images.openfoodfacts.org/images/products/003/390/000/0276/front_en.jpg
11150094467,Organic Chicken Broth,Simply Roundy's,,,United States,"Organic chicken stock (water, organic chicken stock from concentrate) sea salt, organic chicken flavor, organic vegetable stock (organic carrot, organic onion, organic celery, sea salt), organic cane sugar, yeast extract, organic mushroom powder, organic",,Low,,https://images.openfoodfacts.org/images/products/001/115/009/4467/front_en.jpg
36800378445,Deli Style Sliced Gouda Natural Cheese,Food Club,,,United States,"Gouda cheese (pasteurized milk, cheese culture, salt, enzymes, annatto color).",,Low,,https://images.openfoodfacts.org/images/products/003/680/037/8445/front_en.jpg
23254665184,"Organic Powdered Sugar, All Purpose Natural Sweetener",Hain Pure Foods,,,United States,"Organic evaporated cane juice, organic corn starch",,Medium,,https://images.openfoodfacts.org/images/products/002/325/466/5184/front_en.jpg
19646003856,Sugar Free Toffee With Almonds,Harmons Inc,,,United States,"Sugar free chocolate flavored coating (maltitol, cocoa butter, chocolate liquor, sodium caseinate sugar free (milk), milk fat, soy lecithin (an emulsifier), vanilla, natural flavor, salt), maltitol syrup, salted butter, roasted salted almonds (almonds, sa","en:e322,en:e322i,en:e965,en:e965i,en:e965ii",Low,,https://images.openfoodfacts.org/images/products/001/964/600/3856/front_en.jpg
20526012608,Organic Pak O Snax,Bergin Nut Company  Inc.,,,United States,"Organic almonds (organic almonds (italy, usa), organic high oleic sunflower oil, sea salt), organic peanuts (argentina), (organic high oleic sunflower oil, sea salt), organic raisins (usa) organic sunflower oil), organic dark chocolate chunks (organic can",,Low,,https://images.openfoodfacts.org/images/products/002/052/601/2608/front_en.jpg
41000531729,"Luscious Herbal Tea, Berry Hibiscus Flavor With Other Natural Flavor","Lipton,  Unilever",,,United States,"Hibiscus flowers, maltodextrin (corn, tapioca), chamomile flowers, citric acid (provides tartness), spice, licorice root, roasted chicory root, natural flavor, soy lecithin, pomegranate juice solids, blueberry juice solids, concentrated goji juice solids.","en:e322,en:e322i,en:e330",Medium,,https://images.openfoodfacts.org/images/products/004/100/053/1729/front_en.jpg
33776100803,Natural peanut butter and flaxseed,earth balance,"Plant-based foods and beverages,Plant-based foods,Spreads,Legumes and their products,Plant-based spreads,Nuts and their products,Oilseed purees,Nut butters,Legume butters,Peanut butters",,United States,"Peanuts, flaxseed, agave syrup peanut oil, palm fruit oil, and salt.",,Low,,https://images.openfoodfacts.org/images/products/003/377/610/0803/front_en.jpg
21908501406,Organic Garden Peas,"Cascadian Farm Organic,  Small Planet Foods  Inc.",,,United States,"Organic peas, trace of sea salt.",,Low,,https://images.openfoodfacts.org/images/products/002/190/850/1406/front_en.jpg
21130043972,Natural Medium Cheddar Cheese,Mo Manufacturer,,,United States,"Pasteurized milk, cheese cultures, salt, enzymes, annatto (vegetable color).",en:e160b,Low,,https://images.openfoodfacts.org/images/products/002/113/004/3972/front_en.jpg
39047018167,Pure Butter Festive Stars Mini Shortbread,Walkers,,,United States,"Wheat flour, butter (30%), sugar, salt.",,Low,,https://images.openfoodfacts.org/images/products/003/904/701/8167/front_en.jpg
30223008903,Green Bean Almondine,"Taylor Farms,  Taylor Fresh Foods  Inc.",,,United States,"Green beans, canola oil, almonds, salt, black pepper.",,Low,,https://images.openfoodfacts.org/images/products/003/022/300/8903/front_en.jpg
21130048816,Natural Mild Shredded Cheddar Cheese,"Lucerne,  Safeway  Inc.",,,United States,"Cultured pasteurized milk, salt, enzymes, annatto (color), anticake (potato starch, corn starch, powdered cellulose), natamycin (mold inhibitor).","en:e160b,en:e235,en:e460,en:e460ii",Low,,https://images.openfoodfacts.org/images/products/002/113/004/8816/front_en.jpg
11150500517,Organic Apple Cider,Simply Roundy's,,,United States,Pasteurized unfiltered cider from select organic apples.,,Low,,https://images.openfoodfacts.org/images/products/001/115/050/0517/front_en.jpg
37983001007,"Tofu Rella, Cheddar Style, Natural Soy Alternative To Cheese",Tree Of Life  Inc.,,,United States,"Tofu (filtered water, organic soymilk, calcium sulfate), caseinate (a milk protein), expeller pressed non-hydrogenated soy oil, natural flavor, sea salt, lactic acid, (from corn), soy lecithin, annatto (natural color), and guar gum.","en:e160b,en:e270,en:e322,en:e322i,en:e412,en:e516",Medium,,https://images.openfoodfacts.org/images/products/003/798/300/1007/front_en.jpg
13609020447,"Just Desserts, Organic Coffee Cake Bites",New Desserts  Inc.,,,United States,"Organic light brown sugar, organic powdered sugar, organic evaporated cane juice, organic butter (certified organic cream (derived from milk), cultures), organic bread flour, certified organic wheat flour, organic whole eggs, organic sour cream (cultured",,Low,,https://images.openfoodfacts.org/images/products/001/360/902/0447/front_en.jpg
11150982375,"Organic Fruit Spread, Raspberry",Simply Roundy's,,,United States,"Organic raspberries, organic cane sugar, natural apple pectin, ascorbic acid (vitamin c), citric acid.","en:e300,en:e330,en:e440,en:e440i",Low,,https://images.openfoodfacts.org/images/products/001/115/098/2375/front_en.jpg
41000022517,Fettuccini In A Delicate Butter Flavored & Herb Sauce With Other Natural Flavor,Unilever,,,United States,"Enriched macaroni product [semolina and durum flour (wheat), niacin, ferrous sulfate (iron), thiamin mononitrate (vitamin b1), riboflavin (vitamin b2), folic acid], maltodextrin (corn, potato), corn starch, whey protein concentrate (milk), salt, onion powder, sugar, disodium guanylate, disodium inosinate, potassium chloride, hydrolyzed soy protein, natural flavor, high oleic sunflower oil, soybean oil, spices and herbs, skim milk powder, extract of turmeric (for color).","en:e101,en:e101i,en:e375,en:e508,en:e627,en:e631",Medium,,https://images.openfoodfacts.org/images/products/004/100/002/2517/front_en.jpg
11213022505,Gravy Mix With Natural Spices,Spartan,,,United States,"Modified corn starch, sunflower oil, enriched wheat flour (flour, niacin, iron, thiamine mononitrate, riboflavin, folic acid), corn syrup solids, buttermilk solids, salt, corn starch, sodium caseinate, spices (including black pepper), mono- and diglycerides (for smoothness), nonfat dry milk, dipotassium phosphate, whey, soy lecithin, disodium inosinate and guanylate (flavor enhancers), caramel color.","en:e101,en:e101i,en:e150a,en:e322,en:e322i,en:e340,en:e340ii,en:e375,en:e471",Medium,,https://images.openfoodfacts.org/images/products/001/121/302/2505/front_en.jpg
41250642893,Organic Sloppy Joe Sauce,Meijer,,,United States,"Tomato puree (water, tomato paste), high fructose corn syrup, distilled vinegar, less than 2% of: salt, chili pepper, dehydrated green and red bell peppers, tomato fiber, spices, xanthan gum, dehydrated garlic, dehydrated onion.",en:e415,Medium,,https://images.openfoodfacts.org/images/products/004/125/064/2893/front_en.jpg
15400190022,"Organic Naturally Flavored Instant Oatmeal, Maple Spice",Natural Directions,,,United States,"Organic rolled oats, organic dehydrated cane juice solids, organic maple sugar, sea salt, natural flavor, organic spices.",,Medium,,https://images.openfoodfacts.org/images/products/001/540/019/0022/front_en.jpg
16291442559,100% Organic Thyme,Morton & Bassett Spices,,,United States,Contains: certified 100% organic thyme,,Low,,https://images.openfoodfacts.org/images/products/001/629/144/2559/front_en.jpg
23923330030,Organic Butternut Squash Pear,,,,United States,"Organic pear, organic butternut squash puree, water, citric acid, ascorbic acid (vitamin c), vitamin a palmitate, mixed tocopherols (vitamin e), zinc sulfate.","en:e300,en:e307c,en:e330",Low,,https://images.openfoodfacts.org/images/products/002/392/333/0030/front_en.jpg
36800422667,"Organic Hummus, Garlic","Full Circle Market,  Topco Associates  Inc.",,,United States,"Organic fresh steamed chickpeas, organic sesame tahini, water, organic sunflower oil, organic extra virgin olive oil, organic lemon juice, organic garlic, sea salt.",,Low,,https://images.openfoodfacts.org/images/products/003/680/042/2667/front_en.jpg
15400871495,Healthy Morning Rice & Wheat Flakes Cereal,Shurfine,,,United States,"Rice, whole grain wheat, sugar, wheat bran, freeze dried strawberries, corn syrup, soluble wheat fiber, salt, malt syrup. vitamins and minerals: sodium ascorbate (vitamin c), alpha tocopherol acetate (vitamin e), reduced iron, niacinamide, vitamin a plami",en:e301,Medium,,https://images.openfoodfacts.org/images/products/001/540/087/1495/front_en.jpg
11110415646,Reduce Fat Milk,The Kroger Co.,,,United States,Pasteurized homogenized milk and vitamin d3.,,Low,,https://images.openfoodfacts.org/images/products/001/111/041/5646/front_en.jpg
24000507918,"Fruit Naturals, Mandarin Oranges In Light Syrup",Del Monte,,,United States,"Mandarin oranges, water, sugar, ascorbic acid (preservative), citric acid, cellulose.","en:e300,en:e330,en:e460",Low,,https://images.openfoodfacts.org/images/products/002/400/050/7918/front_en.jpg
41220973569,"Organics, Cheese Ravioli In Tomato Sauce",H-E-B,,,United States,"Water, organic tomato puree (water, organic, tomato paste), organic wheat flour, organic brown rice flour, organic cane sugar, contains less than 2%: organic cheddar cheese ([organic pasteurized milk, cheese cultures, salt, enzymes], water, salt), organic rice starch, sea salt, organic mustard flour, organic corn starch, organic garlic powder, citric acid, organic paprika, organic white pepper.",en:e330,Low,,https://images.openfoodfacts.org/images/products/004/122/097/3569/front_en.jpg
36800403161,Organic Spaghetti,Full Circle,,,United States,"Organic corn flour, organic rice flour.",,Low,,https://images.openfoodfacts.org/images/products/003/680/040/3161/front_en.jpg
23204357466,"The Wisconsin Cheeseman, Incredible Spreadables, Cream Cheese & Salad Dressing With Natural Shrimp Flavor, Shrimp Flavor",Colony Brands  Inc.,,,United States,"Cream cheese (pasteurized cultured milk, cream, salt with carob guar, xanthan and locust bean gums), salad dressed (water, soybean oil, high fructose corn syrup, distilled vinegar, modified food starch, egg yolks, salt, dehydrated onion, calcium disodium",en:e410,Medium,,https://images.openfoodfacts.org/images/products/002/320/435/7466/front_en.jpg
11110711007,Instant Sugar Free Pudding & Pie Filling,Kroger,,,United States,"Modified corn starch, tapioca maltodextrin*, disodium phosphate, tetrasodium pyrophosphate natural and artificial flavor, nonfat milk*, color (titanium dioxide, yellow 5 and 6), contains 2% or less of: salt, cellulose gum, aspartame**, emulsifier (mono- and diglycerides), soy lecithin, xanthan gum, acesulfame potassium.","en:e171,en:e322,en:e322i,en:e339,en:e339ii,en:e415,en:e466,en:e471,en:e950,en:e951",High,,https://images.openfoodfacts.org/images/products/001/111/071/1007/front_en.jpg
36800283558,"Caesar Dressing, With Organic Romano Cheese","Full Circle,  Topco Associates  Inc.",,,United States,"*soybean oil, water, *romano cheese (*cultured pasteurized milk, salt, enzymes), *garlic, *cider vinegar, *worcestershire sauce (*cider vinegar, *soy sauce (water, *soybeans, *wheat, salt), *molasses, water, *wheat syrup, salt, *lemon juice concentrate, *",,Low,,https://images.openfoodfacts.org/images/products/003/680/028/3558/front_en.jpg
39153414853,Organic Spicy Garlic Marinara,Colavita,,,United States,"Organic italian plum tomatoes, organic onions, organic extra virgin olive oil, sea salt, organic garlic, and organic spices.",,Low,,https://images.openfoodfacts.org/images/products/003/915/341/4853/front_en.jpg
15532101156,Organic Whole Wheat Penne Rigate,Montebello,,,United States,Organic durum whole wheat semolina.,,Low,,https://images.openfoodfacts.org/images/products/001/553/210/1156/front_en.jpg
20601408425,Organic Cavatappi,Heinen's,,,United States,Certified organic hard amber durum wheat semolina,,Low,,https://images.openfoodfacts.org/images/products/002/060/140/8425/front_en.jpg
23923330641,"Broccoli Red Lentil Oat, Veggie & Protein Puree",Earth's Best,,,United States,"Organic butternut squash puree, water, organic broccoli puree, organic red lentils, organic whole grain oat flour, vitamin a palmitate, mixed tocopherols, zinc sulfate.",en:e307c,Low,,https://images.openfoodfacts.org/images/products/002/392/333/0641/front_en.jpg
36800379428,Organic Yellow Cling Peach Halves In Organic Peach And Pear Juice From Concentrate,"Full Circle Market,  Topco Associates Llc",,,United States,"Organic peaches, water, organic peach pulp and juice, organic pear juice concentrate, ascorbic acid (vitamin c) to protect color.",en:e300,Low,,https://images.openfoodfacts.org/images/products/003/680/037/9428/front_en.jpg
11150895828,"Organic Power Trail Mix, Goji Berry",Simply Roundy's,,,United States,"Organic raisins (treated with organic canola oil or organic sunflower oil), organic hulled sunflower seeds, organic shelled pumpkin seeds, organic cashews dry roasted salted (organic cashews, salt), organic almonds dry roasted salted (organic almonds, sal",,Low,,https://images.openfoodfacts.org/images/products/001/115/089/5828/front_en.jpg
11150949989,Pure Milk Chocolate Pretzels,Roundy's,,,United States,"Milk chocolate (sugar, cocoa butter, chocolate liquor, milk, lactose, soy lecithin [emulsifier], salt, vanilla), pretzels (enriched flour [wheat flour, niacin, reduced iron, thiamine mononitrate, riboflavin, folic acid], corn syrup, vegetable oil [corn, c","en:e101,en:e101i,en:e322,en:e322i,en:e375",Medium,,https://images.openfoodfacts.org/images/products/001/115/094/9989/front_en.jpg
12000029110,"Diet Green Tea, Mixed Berry Flavor With Other Natural Flavors","Lipton,  Unilever",,,United States,"Water, citric acid, sodium hexametaphosphate (to protect flavor), natural flavor, green tea, ascorbic acid (vitamin c), potassium sorbate (preserve freshness), phosphoric acid, aspartame, acesulfame potassium, pectin, calcium disodium edta (to protect fla","en:e202,en:e300,en:e330,en:e338,en:e385,en:e440,en:e440i,en:e950,en:e951",High,,https://images.openfoodfacts.org/images/products/001/200/002/9110/front_en.jpg
41390061400,"Pearl, Organic Soymilk, Vanila","Kikkoman,  Kikkoman Sales Usa  Inc.",,,United States,"Filtered water, whole organic soybeans, organic dried cane syrup, tricalcium phosphate, sea salt, carrageenan, organic natural vanilla flavor, vitamin a palmitate, vitamin d2.","en:e341,en:e341iii,en:e407",Medium,,https://images.openfoodfacts.org/images/products/004/139/006/1400/front_en.jpg
11110790040,Pure Ground Sesame Seed,Simple Truth Organic,,,United States,"Ingredients:organic ground toasted sesame seeds, salt.",,Low,,https://images.openfoodfacts.org/images/products/001/111/079/0040/front_en.jpg
11686,All Butter Sultana Cookies,Marks & Spencer,"Sugary snacks,Biscuits and cakes,Biscuits,Cookies,Raisin cookies","en:vegetarian,en:green-dot,en:pure-butter",France,"Farine de _blé_ contient _Gluten_ (avec Farine de _blé_, Carbonate de calcium, Fer, Niacine, Thiamine) - Sucre - Beurre (_Lait_) - Raisins de Smyrne (17%) - Sirop de glucose - _Lait_ en poudre écrémé - Poudre à lever: E450, Bicarbonate de soude, E503 - Sel.","en:e170,en:e375,en:e450,en:e500,en:e500ii,en:e503",Medium,,https://images.openfoodfacts.org/images/products/000/000/001/1686/front_en.jpg
28189121415,Organic Nacho Sliced Jalapenos,Hatch,,,United States,"Organic jalapenos, water,organic distilled vinegar, sea salt.",,Low,,https://images.openfoodfacts.org/images/products/002/818/912/1415/front_en.jpg
23923206731,"Organic, Organic Fruit Cups For Kids, Mango & Berry","Earth's Best,  The Hain Celestial Group  Inc.",,,United States,"Organic strawberries, organic blueberries, organic mango.",,Low,,https://images.openfoodfacts.org/images/products/002/392/320/6731/front_en.jpg
19646001067,Organic Crushed Tomatoes With Basil,Harmons,,,United States,"Organic tomato puree, organic tomatoes, sea salt, dried organic basil, naturally derived citric acid.",en:e330,Low,,https://images.openfoodfacts.org/images/products/001/964/600/1067/front_en.jpg
37600105064,Natural creamy peanut butter,"Skippy,  Hormel Foods  Llc","Plant-based foods and beverages,Plant-based foods,Spreads,Legumes and their products,Plant-based spreads,Nuts and their products,Oilseed purees,Nut butters,Legume butters,Peanut butters",,United States,"Roasted peanuts, sugar, palm oil, salt.",,Low,,https://images.openfoodfacts.org/images/products/003/760/010/5064/front_en.jpg
11213385389,Natural Shredded Monterey Jack Cheese,Spartan,,,United States,"Pasteurized milk, cheese culture, salt, enzymes, potato starch, corn starch and calcium sulfate added to prevent caking, natamycin (a natural mold inhibitor).",en:e235,Low,,https://images.openfoodfacts.org/images/products/001/121/338/5389/front_en.jpg
41000270512,"Decaffeinated Superfruit Green Tea, Jasmine Passionfruit Citrus Flavor With Other Natural Flavor","Lipton,  Unilever",,,United States,"Decaffeinated green tea, jasmine tea, natural flavor, modified corn starch, soy lecithin.","en:e322,en:e322i",Medium,,https://images.openfoodfacts.org/images/products/004/100/027/0512/front_en.jpg
41116001109,Collection Sugar Free Candy,"Diamond,  Ringpop",,,United States,"Maltitol, buffered lactic acid, natural and artificial flavors, sucralose.","en:e270,en:e955,en:e965,en:e965i",Low,,https://images.openfoodfacts.org/images/products/004/111/600/1109/front_en.jpg
24182021677,Organic Muesli,"Eden,  Eden Foods  Inc.",,,United States,*oat flakes *rye flakes *spelt flakes *raisins *cranberries (*cranberries *apple juice concentrate *sunflower oil) *wild blueberries (*wild blueberries *apple juice concentrate *sunflower oil) *roasted and salted pumpkin seeds *raw sunflower seeds.,,Low,,https://images.openfoodfacts.org/images/products/002/418/202/1677/front_en.jpg
21908439686,"Organic Granola Bark, Dark Chocolate, Almond, Coconut","Cascadian Farm,  Small Planet Foods  Inc.",,,United States,"Dark chocolate flavored glaze* (sugar*, palm kernel oil*, cocoa processed with alkali*, soy lecithin*, vanilla extract*, nonfat dry milk*), whole grain oats*, sugar*, coconut*, almonds*, pumpkin seeds*, sunflower seeds*, coconut oil*, tapioca syrup*, puff","en:e322,en:e322i",Low,,https://images.openfoodfacts.org/images/products/002/190/843/9686/front_en.jpg
11535504895,Organic Prunes With Apples,Wild Harvest,,,United States,"Organic apples, organic prune puree, water, ascorbic acid (vitamin c).",en:e300,Low,,https://images.openfoodfacts.org/images/products/001/153/550/4895/front_en.jpg
37323119072,"Organic Unsweetened Sauce, Apple","Musselman's,  Knouse Foods  Inc/Musselman Dv",,,United States,"Organic apples, water and ascorbic acid (vitamin c) to maintain color.",en:e300,Low,,https://images.openfoodfacts.org/images/products/003/732/311/9072/front_en.jpg
41268194186,Natural Feta Cheese Crumbles,"Hannaford,  Hannaford Bros. Co.",,,United States,"Feta cheese (pasteurized part-skim milk, cheese cultures, salt, enzymes), powdered cellulose (to prevent caking), natamycin (to protect flavor).","en:e235,en:e460,en:e460ii",Low,,https://images.openfoodfacts.org/images/products/004/126/819/4186/front_en.jpg
39217023069,"Papa's, Organic Whole Wheat With Honey Bread",Maxim's Nutricare Inc.,,,United States,"Water, organic whole wheat flour, organic wheat flour, organic oat fiber, organic cane sugar, organic canola oil and or organic soybean oil, organic honey yeast, organic wheat gluten, wheat starch organic wheat starch, organic whole wheat flour, lactic acid bacteria culture, sea salt, organic molasses, organic wheat bran, organic sunflower lecithin and/or organic soy lecithin, organic enzyme organic cornstarch, organic soybean lecithin, enzymes [plant based], tricalcium phosphate], organic dough conditioner (organic wheat gluten, organic wheat starch, organic sunflower lecithin and/or organic soy lecithin, ascorbic acid (citric acid, carnauba, wax)","en:e300,en:e322,en:e322i,en:e330,en:e341,en:e341iii",Low,,https://images.openfoodfacts.org/images/products/003/921/702/3069/front_en.jpg
26395763016,"Mix'N Go, Natural Aloe Powdered Drink Mix, Strawberry-Kiwi",Lily Of The Dessert,,,United States,"Xylitol, maltodextrin, certified organic aloe (whole leaf solids) with aloesorb, malic acid, natural flavors, stevia extract, silicon dioxide, vegetable juice color.","en:e296,en:e551,en:e967",Medium,,https://images.openfoodfacts.org/images/products/002/639/576/3016/front_en.jpg
11150511223,Organic 2% Milkfat Reduced Fat Milk,Roundy's,,,United States,"Organic grade a reduced-fat milk, vitamin a palmitate, vitamin d3.",,Low,,https://images.openfoodfacts.org/images/products/001/115/051/1223/front_en.jpg
36800056114,Tomato Puree,Full Circle,,,United States,"Organic tomato puree (water, organic tomato paste), citric acid.",en:e330,Low,,https://images.openfoodfacts.org/images/products/003/680/005/6114/front_en.jpg
16291442450,100% Organic Fine Ground Black Pepper,Morton & Bassett Spices,,,United States,Contains: certified 100% organic fine ground black pepper,,Low,,https://images.openfoodfacts.org/images/products/001/629/144/2450/front_en.jpg
37600516792,"Natural Choice, Original Uncured Pepperoni","Hormel,  Hormel Foods  Llc.",,,United States,"Pork, beef, salt, contains 2% or less of water, paprika, turbinado sugar, spices, seasoning (natural flavors, sea salt), natural flavors (contains dried cane syrup), natural flavoring, lactic acid starter culture.",,Low,,https://images.openfoodfacts.org/images/products/003/760/051/6792/front_en.jpg
30034056063,"Nature's Basket, Organic Pasteurized Apple Juice","Giant Eagle,  Giant Eagle  Inc.",,,United States,"Filtered water, organic apple juice concentrate, ascorbic acid (vitamin c).",en:e300,Low,,https://images.openfoodfacts.org/images/products/003/003/405/6063/front_en.jpg
21130076741,"100% Pure Juice, Orange","Signature Farms,  Safeway  Inc.",,,United States,"100% orange juice from concentrate (filtered water, concentrate orange juice).",,Low,,https://images.openfoodfacts.org/images/products/002/113/007/6741/front_en.jpg
36800097148,Organic Tomato Sauce,Full Circle,,,United States,"Organic tomato puree, sea salt, organic sugar, organic red pepper, naturally derived citric acid.",en:e330,Low,,https://images.openfoodfacts.org/images/products/003/680/009/7148/front_en.jpg
35826064431,Deluxe Macaroni & Cheese Dinner,Food Town Stores Inc.,,,United States,"Enriched macaroni product (wheat flour, durum flour, niacin, ferrous sulfate, thiamin mononitrate, riboflavin, and folic acid), cheese sauce (water, cheddar, monterey jack, asiago and parmesan cheeses [pasteurized milk, cheese culture, salt, enzymes], whe","en:e101,en:e101i,en:e375",Low,,https://images.openfoodfacts.org/images/products/003/582/606/4431/front_en.jpg
11150544917,Organic Berry Medley,Simply Roundy's,,,United States,"Organic strawberries organic blackberries, organic red raspberries, organic blueberries.",,Low,,https://images.openfoodfacts.org/images/products/001/115/054/4917/front_en.jpg
21724602295,"Crema Natural, Grade A Pasteurized Mexican Style Cultured Sour Cream",Vv Supremo,,,United States,"Pasteurized cream from cow's milk, salt and lactic culture.",,Low,,https://images.openfoodfacts.org/images/products/002/172/460/2295/front_en.jpg
41220846566,"H-E-B, All Natural Alla Norma Sauce","Central Market,  Central Market H-E-B",,,United States,"Tomato puree, tomato pulp, eggplants, extra virgin olive oil, onions, salt, garlic, basil, citric acid (acidifiers).",en:e330,Low,,https://images.openfoodfacts.org/images/products/004/122/084/6566/front_en.jpg
41318190540,All Natural Yellow Mustard,Schnucks,,,United States,"Vinegar, water, mustard seed, salt, turmeric, paprika.",,Low,,https://images.openfoodfacts.org/images/products/004/131/819/0540/front_en.jpg
36800403475,"Topcare, Tippy Toes, Fruits & Veggies Organic Baby Food",Topco,,,United States,"Organic apple puree, organic butternut squash puree, organic raspberry puree, citric acid.",en:e330,Low,,https://images.openfoodfacts.org/images/products/003/680/040/3475/front_en.jpg
20526012967,"Bergin, Organic Banana Chips",Bergin Nut Company  Inc.,,,United States,"Organic bananas (philippines), organic coconut oil, organic cane sugar.",,Low,,https://images.openfoodfacts.org/images/products/002/052/601/2967/front_en.jpg
24126016691,"Healthy Life, Soft Style 100% Whole Wheat Hot Dog Buns",Lewis Bakeries  Inc.,,,United States,"Whole wheat flour (whole grain), water, wheat gluten, sugar, yeast, contains 2% or less of the following: slat, soybean oil, dough conditioners (contains one or more of the following: mono & diglycerides, ethoxylated mono and diglycerides, sodium stearoyl lactylate, calcium peroxide, datem, ascorbiac acid, enzymes), yeast nutrients (calcium sulfate), calcium propionate, sodium propionate, potassium sorbate and calcium acetate (to retain freshness), fumaric acid, soy lecithin.","en:e263,en:e281,en:e282,en:e297,en:e322,en:e322i,en:e471,en:e472e,en:e481,en:e516,en:e930",Medium,,https://images.openfoodfacts.org/images/products/002/412/601/6691/front_en.jpg
20662005779,Common Good Organic Pasta Sauce,Newman's Own,,,United States,"Diced organic tomatoes in organic tomato puree, water, organic extra virgin olive oil, organic onion, organic basil, organic carrot puree, sea salt, organic garlic, crushed organic red pepper, ground organic fennel seed, organic oregano, organic black pep",,Low,,https://images.openfoodfacts.org/images/products/002/066/200/5779/front_en.jpg
21600103687,Bread & Butter Sweet Chips Pickles,Fresh Finds,,,United States,"Fresh cucumbers, water, high fructose corn syrup, vinegar, salt, spices, calcium chloride, yellow 5, natural flavor, polysorbate 80.","en:e102,en:e433,en:e509",Low,,https://images.openfoodfacts.org/images/products/002/160/010/3687/front_en.jpg
12000017117,"Diet Green Tea, Mixed Berry Flavor With Other Natural Flavors","Lipton,  Unilever",,,United States,"Water, citric acid, sodium hexametaphosphate (to protect flavor), natural flavor, green tea, ascorbic acid (vitamin c), potassium sorbate (preserves freshness), phosphoric acid, aspartame, acesulfame potassium, pectin, calcium disodium edta (to protect fl","en:e202,en:e300,en:e330,en:e338,en:e385,en:e440,en:e440i,en:e950,en:e951",High,,https://images.openfoodfacts.org/images/products/001/200/001/7117/front_en.jpg
36800426771,Organic Ground Beef,"Full Circle Market,  Topco Associates  Inc.",,,United States,100% grass fed organic ground beef,,Low,,https://images.openfoodfacts.org/images/products/003/680/042/6771/front_en.jpg
23923900011,Organic Whole Grain Rice Cereal,"Earths Best, Earth's Best",,,"United Kingdom,United States","Organic Brown Rice, Organic Rice Bran Extract, Tocopherols (Vitamin E), Alpha-Amylase (Enzyme), Electrolytic Iron.","en:e1100,en:e307c",Medium,,https://images.openfoodfacts.org/images/products/002/392/390/0011/front_en.jpg
23991000149,"Triple Leaf Tea, Decaf Green Tea, 100% Naturally Decaffeinated Green Tea",Vincent Trading Company,,,United States,Naturally decaffeinated green tea leaf.,,Medium,,https://images.openfoodfacts.org/images/products/002/399/100/0149/front_en.jpg
13609020492,Vegan Midnight Chocolate,Just Desserts,,,United States,"Vegan granulated sugar, unbleached flour (wheat flour, malted barley flour, niacin, iron, thiamine mononitrate, riboflavin, folic acid), water, vegan powdered sugar, canola oil, vegan spread (natural oil blend [palm fruit, canola, and olive oils], filtere","en:e101,en:e101i,en:e375",Low,,https://images.openfoodfacts.org/images/products/001/360/902/0492/front_en.jpg
32601025465,Rustic Cut Organic Root Medley,Earthbound Farm Organic,,,United States,"Organic beets, organic parsnips, organic orange carrots, organic yellow carrots, citric acid.",en:e330,Low,,https://images.openfoodfacts.org/images/products/003/260/102/5465/front_en.jpg
36800132009,Organic Raspberry Vinaigrette Dressing,"Full Circle,  Topco Associates  Inc.",,,United States,"Water, organic cider vinegar, organic soybean oil, organic sugar, organic raspberry concentrate, organic dijon mustard (organic apple cider vinegar,water, organic mustard seed, salt, organic spices), sea salt, xanthan gum, grape juice color.",en:e415,Low,,https://images.openfoodfacts.org/images/products/003/680/013/2009/front_en.jpg
13000570107,Crushed Tomatoes In Puree,Bell 'Orto,,,United States,"Vine-ripened whole unpeeled ground tomatoes, tomato puree, salt and citric acid.",en:e330,Low,,https://images.openfoodfacts.org/images/products/001/300/057/0107/front_en.jpg
35826090058,Natural Fancy Shredded Monterey Jack Cheese,"Food Lion,  Food Town Stores Inc.",,,United States,"Pasteurized milk, cheese culture, salt, enzymes, potato starch, corn starch and calcium sulfate added prevent caking, natamycin (a natural mold inhibitor).",en:e235,Low,,https://images.openfoodfacts.org/images/products/003/582/609/0058/front_en.jpg
36800422643,"Organic Hummus, Original","Full Circle Market,  Topco Associates Llc",,,United States,"Organic steamed chickpeas, water, organic sesame tahini, organic sunflower oil, organic extra virgin olive oil, organic garlic, sea salt, organic lemon juice, organic cumin.",,Low,,https://images.openfoodfacts.org/images/products/003/680/042/2643/front_en.jpg
37842041540,"Frieda's, Organic Polenta, Traditional",Frieda's  Inc.,,,United States,"Water, organic yellow cornmeal, salt, tartaric acid, ascorbic acid (vitamin c), beta carotene (vitamin a).","en:e160a,en:e160ai,en:e300,en:e334",Low,,https://images.openfoodfacts.org/images/products/003/784/204/1540/front_en.jpg
36800107946,Organic Fat Free Milk,"Full Circle Market,  Topco Associates  Inc.",,,United States,"Organic grade a fat free milk, vitamin a palmitate, vitamin d3.",,Low,,https://images.openfoodfacts.org/images/products/003/680/010/7946/front_en.jpg
30684017919,Gluten Free Vanilla Sandwich Cookies,Sage Valley,,,United States,"Icing sugar, gluten free flour blend (corn flour, potato starch, corn starch, white rice flour, tapioca starch, soy flour, potato flour, carrageenan, gum arabic, xanthan gum), palm oil, canola oil, sugar, organic quinoa flour, invert sugar, natural flavor","en:e407,en:e414,en:e415",Low,,https://images.openfoodfacts.org/images/products/003/068/401/7919/front_en.jpg
21908965161,Organic Orange Juice,Small Planet Foods  Inc.,,,United States,"Organic orange juice concentrate, water, organic natural flavor.",,Low,,https://images.openfoodfacts.org/images/products/002/190/896/5161/front_en.jpg
23923330023,"Oeganic Baby Food Puree, Sweet Potato Apple",Earth's Best,,,United States,"Organic apples, organic sweet potatoes, water, citric acid, ascorbic acid (vitamin c), vitamin a palmitate, mixed tocopherols (vitamin e), zinc sulfate.","en:e300,en:e307c,en:e330",Low,,https://images.openfoodfacts.org/images/products/002/392/333/0023/front_en.jpg
21718412787,Natural Fine Sea Salt Infused With Organic Herbs And Vegetables,Bioforce Production,,,United States,"Sea salt, celery*, leek*, cress*, onion*, chives*, parsley*, lovage*, garlic*, basil*, marjoram*, rosemary*, thyme*, kelp.",,Medium,,https://images.openfoodfacts.org/images/products/002/171/841/2787/front_en.jpg
41268132065,"Sparkling Water, Flavored Sparkling Water Beverage With Other Natural Flavors","Hannaford,  Hannaford Bros. Co.",,,United States,"Carbonated water, citric acid, natural flavor, potassium benzoate (preservative), sucralose, acesulfame potassium.","en:e212,en:e330,en:e950,en:e955",Medium,,https://images.openfoodfacts.org/images/products/004/126/813/2065/front_en.jpg
11150982856,Organic Marinara Pasta Sauce,Simply Roundy's,,,United States,"Ingredients: water, organic tomato paste, organic diced tomatoes (tomatoes, tomato juice, calcium chloride, citric acid [acidifier]), sea salt, organic dehydrated onions, organic basil, organic garlic powder, organic black pepper.","en:e330,en:e509",Low,,https://images.openfoodfacts.org/images/products/001/115/098/2856/front_en.jpg
11110586452,"All Natural Low Moisture, Part-Skim Mozzarella Cheese",Kroger,,,United States,"Pasteurized part-skim milk, cheese culture, salt, enzymes, calcium chloride.",en:e509,Low,,https://images.openfoodfacts.org/images/products/001/111/058/6452/front_en.jpg
11150982580,"Organic, Garbanzo Beans","Simply Roundy's,  Simply Roundy's Organic",,,United States,"Water, organic garbanzo beans, sea salt.",,Low,,https://images.openfoodfacts.org/images/products/001/115/098/2580/front_en.jpg
41000022531,Fettuccini In A Creamy Parmesan & Romano Cheese Flavored Sauce With Other Natural Flavor,Unilever,,,United States,"Enriched macaroni product [semolina and durum flour (wheat), niacin, ferrous sulfate (iron), thiamin mononitrate (vitamin b1), riboflavin (vitamin b2), folic acid], parmesan and romano cheeses (pasteurized milk, cheese cultures, salt, enzymes), whey, corn starch, maltodextrin, salt, butter (cream, salt), cream cheese (pasteurized milk, cream, cheese cultures, salt, carob bean gum), natural flavor (soy), sodium citrate, potassium chloride, onion powder, disodium guanylate, disodium inosinate, sugar, sodium caseinate, lactic acid, annatto extract (for color).","en:e101,en:e101i,en:e270,en:e331,en:e375,en:e410,en:e508,en:e627,en:e631",Medium,,https://images.openfoodfacts.org/images/products/004/100/002/2531/front_en.jpg
37600735803,"Natural Choice, Uncured Hard Salami","Hormel,  Hormel Foods Corporation",,,United States,"Beef and pork, salt, contains 2% or less of water, turbinado sugar, spices, celery juice powder, natural flavoring, cherry powder, lactic acid starter culture, salt, maltodextrin, lime juice concentrate.",,Medium,,https://images.openfoodfacts.org/images/products/003/760/073/5803/front_en.jpg
39978003416,Organic Kamut Stone Ground Flour,Bob's Red Mill,,,United States,Organic whole kamut khorasan grain (wheat).,,Low,,https://images.openfoodfacts.org/images/products/003/997/800/3416/front_en.jpg
41483035936,Organic 1% Lowfat Milk,"Kemps,  Kemps Llc",,,United States,"Organic grade a low fat milk, vitamin a palmitate, vitamin d3.",,Low,,https://images.openfoodfacts.org/images/products/004/148/303/5936/front_en.jpg
24182000887,Organic Dried Blueberries,"Eden,  Eden Foods  Inc.",,,United States,"Organic wild blueberries, organic apple juice concentrate, organic sunflower oil",,Low,,https://images.openfoodfacts.org/images/products/002/418/200/0887/front_en.jpg
25317006941,Organic American Cheese,Applegate Farms  Llc,,,United States,"Organic cheddar cheese (organic milk, cheese culture, salt, enzymes [non-animal]), organic butter, water, sodium citrate, salt, made with vegetable rennet.",en:e331,Low,,https://images.openfoodfacts.org/images/products/002/531/700/6941/front_en.jpg
41318210453,Natural Peanut Butter Spread,Schnucks,,,United States,"Peanuts, sugar, palm oil, salt, molasses.",,Low,,https://images.openfoodfacts.org/images/products/004/131/821/0453/front_en.jpg
39400017318,Organic Kidney Beans,Bush's Best,,,United States,"Prepared organic kidney beans, water, sea salt, and calcium chloride (firming agent).",en:e509,Low,,https://images.openfoodfacts.org/images/products/003/940/001/7318/front_en.jpg
39494111947,Natural Casing Wieners,Vollwerth & Company,,,United States,"Beef and pork, water, contains less than 2% of the following: salt, calcium reduced dried skim milk, potassium lactate, flavorings, corn syrup solids, dextrose, sodium diacetate, sodium erythorbate, sodium nitrite, in sheep casing.","en:e250,en:e262,en:e262ii,en:e316,en:e326",Medium,,https://images.openfoodfacts.org/images/products/003/949/411/1947/front_en.jpg
13562300693,Organic Peace Pasta & Parmesan,Annie's,,,United States,"Organic wheat peace pasta, organic parmesan cheese (organic cultured pasteurized milk, salt, non-animal enzymes), organic whey, organic cheddar cheese (organic cultured pasteurized milk, salt, non-animal enzymes), salt, organic corn starch, organic cream,",,Low,,https://images.openfoodfacts.org/images/products/001/356/230/0693/front_en.jpg
41224723108,Organic Buckwheat Soba Noodles,"Roland,  American Roland Food Corp.",,,United States,"Organic wheat flour, organic buck wheat flour, sea salt.",,Low,,https://images.openfoodfacts.org/images/products/004/122/472/3108/front_en.jpg
32601902902,"Wok Blends, Organic Crunchy Slaw",Earthbound Farm,,,United States,"Organic red and green cabbage, organic carrots, organic kale, organic cilantro.",,Low,,https://images.openfoodfacts.org/images/products/003/260/190/2902/front_en.jpg
16291442726,100% Organic Granulated Garlic With Parsley,Morton & Bassett Spices,,,United States,Contains: certified 100% organic granulated garlic and parsley,,Low,,https://images.openfoodfacts.org/images/products/001/629/144/2726/front_en.jpg
15400196222,Organic Green Beans,Natural Directions,,,United States,"Organic green beans, water, sea salt.",,Medium,,https://images.openfoodfacts.org/images/products/001/540/019/6222/front_en.jpg
11835259457,Organic & Fair Dark Chocolate,Chocolat Bernrain Ag,,,United States,"Organic cocoa mass, organic cane sugar, organic cocoa butter, organic vanilla pods. .",,Low,,https://images.openfoodfacts.org/images/products/001/183/525/9457/front_en.jpg
22852417034,"Organic Super Ice Cream, Mint Chip",Double Rainbow,,,United States,"Organic milk, organic cream, organic cane sugar, organic chocolate chunks, ( organic sugar, organic coconut oil, organic coca, organic soybean oil, organic bitter chocolate, organic soy lecitihin,), organic egg yolks, organic carob beam gum, organic guar gum, organic peppermint extract.",en:e412,Low,,https://images.openfoodfacts.org/images/products/002/285/241/7034/front_en.jpg
13562492886,Organic Cookie Bite,Annie's,,,United States,"Best ingredients: organic wheat flour, organic cane sugar, organic palm oil, organic expeller-pressed sunflower oil, organic whole grain rolled oats, organic whole grain oat flour, organic invert cane syrup, organic molasses, leavening (baking soda, ammon",,Low,,https://images.openfoodfacts.org/images/products/001/356/249/2886/front_en.jpg
41000731488,"Iced Tea, Sugar Sweetened Iced Tea Mix, Lemon Natural Flavor","Lipton,  Unilever",,,United States,"Cane sugar, citric acid (provides tartness), instant tea powder, silicon dioxide (prevents caking), maltodextrin, natural flavor, red 40.","en:e129,en:e330,en:e551",Medium,,https://images.openfoodfacts.org/images/products/004/100/073/1488/front_en.jpg
41449403267,"Blueberry Muffin Mix, Natural Blueberry Flavor",Krusteaz,,,United States,"Sugar, whole grain sorghum flour, whole grain millet flour, food starch-modified. contains 2% or less of the following: arabic gum, sodium bicarbonate, sodium aluminium phosphate, monocalcium phosphate, propylene glycol monoester, mono-diglycerides, sodium stearoyl lactylate, soybean oil, salt, natural and artificial flavors (contains milk derivatives), guar gum, xanthan gum. blueberries: blueberries, water.","en:e341,en:e341i,en:e412,en:e481,en:e500,en:e500ii,en:e541",Medium,,https://images.openfoodfacts.org/images/products/004/144/940/3267/front_en.jpg
14321621059,Organic Santa Maria Grill Cooking Seasoning,"Whole Foods Market,  Allegro Coffee Company",,,United States,"Organic dehydrated garlic and onion, sea salt, organic spice, organic sugar.",,Low,,https://images.openfoodfacts.org/images/products/001/432/162/1059/front_en.jpg
29737007397,Vegan White Bean And Basil Ravioli,"Severino Homemade Pasta,  Severino Pasta Mfg.",,,United States,"Filling: corn flour, (degerminated yellow corn meal), cannellini beans (dried, soaked in water), salt, black pepper, basil, carrots, celery. dough: drurum wheat flour (uneriched), water.",,Low,,https://images.openfoodfacts.org/images/products/002/973/700/7397/front_en.jpg
36800043930,Monterey Jack Natural Cheese,Food Club,,,United States,"Pasteurized milk, cheese cultures, salt and enzymes.",,Low,,https://images.openfoodfacts.org/images/products/003/680/004/3930/front_en.jpg
22099055679,Pure Hibi Hibiscus Flower Tea,Mindfully Healthy Drinks Llc,,,United States,"Filtered water, organic hibiscus flowers, pure cane sugar, organic ginger.",,Low,,https://images.openfoodfacts.org/images/products/002/209/905/5679/front_en.jpg
37600255707,"Natural Choice, Deli Chicken Breast, Sriracha","Hormel,  Hormel Foods Corporation",,,United States,"Chicken breast meat, water, salt, carrageenan (from seaweed), turbinado sugar, baking soda, cultured celery powder.",en:e407,Medium,,https://images.openfoodfacts.org/images/products/003/760/025/5707/front_en.jpg
12000616204,"Iced Tea & Lemonade, Half & Half Flavor With Other Natural Flavors","Lipton,  Unilever",,,United States,"Water, high fructose corn syrup, citric acid, lemon juice concentrate, sodium hexametaphosphate (to protect flavor), black tea, natural flavor, phosphoric acid, potassium sorbate (preserves freshness), acesulfame potassium, gum arabic, glycerol ester of r","en:e202,en:e330,en:e338,en:e414,en:e950",Medium,,https://images.openfoodfacts.org/images/products/001/200/061/6204/front_en.jpg
41331049900,Sugar Free Maria Cookies,Goya,,,United States,"Wheat flour, sweetener (maltitol), vegetable oil (high oleic sunflower oil), vegetable fibre, raising agents: sodium and ammonium bicarbonates, salt, emulsifier: soy lecithin, flavours, antioxidant: sodium metabisulphite.","en:e223,en:e322,en:e322i,en:e965,en:e965i",Low,,https://images.openfoodfacts.org/images/products/004/133/104/9900/front_en.jpg
22506131057,"Naturals, Apricot Kernel Oil","Spectrum,  Spectrum Naturals",,,United States,100% mechanically (expeller) pressed naturally refined apricot kernel oil.,,Low,,https://images.openfoodfacts.org/images/products/002/250/613/1057/front_en.jpg
31493061452,Organic White English Muffins,Rudi's Organic Bakery,,,United States,"Organic wheat flour, water, organic agave syrup, yeast, organic high oleic sunflower/safflower oil, organic cornmeal, sea salt, organic oat flour, organic wheat gluten, organic vinegar, cultured organic wheat starch, organic whole wheat flour, citric acid",en:e330,Low,,https://images.openfoodfacts.org/images/products/003/149/306/1452/front_en.jpg
38584,Organic Soft White Wheat Berries,Unfi,,,United States,Organic soft white wheat berries,,Low,,https://images.openfoodfacts.org/images/products/000/000/003/8584/front_en.jpg
27958211012,Original Chabis Pure Goat Milk Cheese,Laura Chenel's,,,United States,"Cultured pasteurized goat milk, salt & microbial enzymes.",,Low,,https://images.openfoodfacts.org/images/products/002/795/821/1012/front_en.jpg
32601951139,Organic Red Potato Steak Cut Fries,Earthbound Farm,,,United States,"Organic red potatoes, organic vegetable oil (organic soybean oil and/or organic canola oil), organic corn starch, organic rice flour, organic tapioca starch, sea salt, organic dried onion, organic dried garlic, organic cane sugar, organic spices, leavenin",,Low,,https://images.openfoodfacts.org/images/products/003/260/195/1139/front_en.jpg
32601902872,Organic Chopped Kale Chopped Cabbage Chopped Radicchio,"Earthbound Farm Organic,  Earthbound Farm  Llc",,,United States,"Organic kale, organic red and green cabbage,m organic radicchio.",,Low,,https://images.openfoodfacts.org/images/products/003/260/190/2872/front_en.jpg
41415107083,"Greenwise, Organic Roasted Garlic Sauce","Publix,  Publix Super Markets  Inc.",,,United States,"Organic tomato puree (water organic tomato paste), organic diced tomatoes in juice, organic onions, organic carrot juice concentrate, organic roasted garlic, organic garlic, organic extra virgin olive oil, sea salt organic basil, organic black pepper, org",,Medium,,https://images.openfoodfacts.org/images/products/004/141/510/7083/front_en.jpg
20526012196,Organic Cashews Roasted & Salted,Bergin Nut Company  Inc.,,,United States,"Organic cashews (tanzania), high oleic organic sunflower oil, sea salt.",,Low,,https://images.openfoodfacts.org/images/products/002/052/601/2196/front_en.jpg
32251225710,Sugar Free Wagers,Family Dollar Stores Inc.,,,United States,"Enriched flour (wheat flour, malted barley flour, niacin, reduced iron, thiamine mononitrate, riboflavin, folic acid, palm oil, sorbitol, maltodextrin, cornstarch, contains 2% or less of artificial flavor, salt, soy lecithin, aspartame*, sodium bicarbonat","en:e101,en:e101i,en:e322,en:e322i,en:e375,en:e420,en:e420i,en:e951",High,,https://images.openfoodfacts.org/images/products/003/225/122/5710/front_en.jpg
38794994403,"Cedarlane Natural Foods, Eggplant Mediterranean",Cedarlane Natural Foods  Inc.,,,United States,"Eggplant, reduced fat milk (milk, skim milk, non-fat milk solids, vitamin a palmitate, and vitamin d3), crushed tomatoes (crushed tomatoes, tomato puree, salt, citric acid, and calcium chloride), veggie ground round (water, textured wheat and soy protein, onions, natural flavor, expeller pressed canola oil, salt, guar gum, evaporated cane juice, malt extract, caramel color, garlic powder, spices, vitamins and minerals {thiamin hydrochloride, riboflavin, niacinamide, pyridoxine hydrochloride, cyanocobalamine, calcium pantothenate, reduced iron, zinc oxide}), feta cheese (pasteurized whole milk, cheese culture, salt, & enzymes), fire roasted tomatoes (tomatoes, tomato juice, salt, calcium chloride and citric acid), onions, carrots, organic mushrooms, rice vinegar, organic unbleached wheat flour, roasted red bell pepper, expeller pressed canola oil, roasted green bell pepper, extra virgin olive oil, parsley, water, garlic, cornstarch, spices, salt, guar gum, garlic powder, cayenne pepper, black pepper, lemon zest.","en:e101,en:e101i,en:e150a,en:e330,en:e412,en:e509",Low,,https://images.openfoodfacts.org/images/products/003/879/499/4403/front_en.jpg
2983542515,100% Soja Protein Neutral,allfitnessfactory.de,"Dietary supplements,Bodybuilding supplements,Protein powders","en:vegetarian,en:vegan",Germany,100% Soja-Protein-Isolat (_Soja_),,Low,,https://images.openfoodfacts.org/images/products/000/298/354/2515/front_en.jpg
41497096237,100% Pure Orange Juice Not From Concentrate,Weis Markets  Inc.,,,United States,"Orange juice, tricalcium phosphate, calcium lactate, vitamin d3.","en:e327,en:e341,en:e341iii",Low,,https://images.openfoodfacts.org/images/products/004/149/709/6237/front_en.jpg
11535505663,"Organic Cannellini Beans, White Kidney Beans",Wild Harvest,,,United States,"Prepared organic cannellini beans, water, sea salt.",,Low,,https://images.openfoodfacts.org/images/products/001/153/550/5663/front_en.jpg
20662005854,Organics Dressing,"Newman's Own,  Newman's Own  Inc.",,,United States,"Organic soybean oil, water, organic parmesan cheese (pasteurized organic part skim cow's milk, cheese cultures, sea salt, enzymes), organic whole eggs, organic distilled vinegar, organic lemon juice concentrate, salt, contains 2% or less of: organic spice",,Low,,https://images.openfoodfacts.org/images/products/002/066/200/5854/front_en.jpg
16571952105,"Naturally Flavored Sparkling Water, Black Cherry",Sparkling Ice,,,United States,"Carbonated water, natural flavors, apple juice concentrate, malic acid, cherry juice, concentrate, potassium benzoate (to ensure freshness), citric acid, sucralose, red 40, green tea extract, biotin 1% trit, (maltodextrin), niacinamide (b3), d-calcium pan","en:e129,en:e212,en:e296,en:e330,en:e955",Medium,,https://images.openfoodfacts.org/images/products/001/657/195/2105/front_en.jpg
25583004115,Vegan Savory Gravy,"Tofurky,  Turtle Island Foods  Inc.",,,United States,"Water, wheat flour, shoyu soy sauce (water, soybeans, wheat, salt, culture), expeller pressed non-gmo canola oil, yeast extract, salt, vegan natural flavors, natural chicory root extract, non-gmo corn starch, rice flour, vegan sugar, onions, onion powder,",,Low,,https://images.openfoodfacts.org/images/products/002/558/300/4115/front_en.jpg
36800405479,Gluten Free Homestyle Waffles,Full Circle,,,United States,"Water, brown rice flour, potato starch, corn flour, vegetable oil (canola and /or soybean oil), tapioca starch, sugar, inulin, potato flour, contains 2% or less of: leavening (sodium acid pyprophosphate, sodium bicarbonate, monocalcium phosphate), soy lecithin (emulsifier), fruit juice concentrate blend (pear juice concentrate, pineapple syrup, clarified pineapple and peach juice concentrate), natural flavors, salt.","en:e322,en:e322i,en:e341,en:e341i,en:e500,en:e500ii",Low,,https://images.openfoodfacts.org/images/products/003/680/040/5479/front_en.jpg
13764027084,Organic Spelt Bread,Dave's Killer Bread,,,United States,"Organic whole spelt flour, water, good seed mix (organic whole flax seeds, organic sunflower seeds, organic un-hulled brown sesame seeds, organic un-hulled black sesame seeds, organic ground whole flax seeds), organic dried cane syrup (sugar), organic molasses, sea salt, yeast.",,Low,,https://images.openfoodfacts.org/images/products/001/376/402/7084/front_en.jpg
11150950374,Natural Yogurt Pretzels,Roundy's,,,United States,"Yogurt coating (sugar, palm kernel oil, whey powder, nonfat milk powder, yogurt powder [cultured whey, nonfat milk], soy lecithin [an emulsifier], vanilla), pretzels (enriched flour [wheat flour, niacin, reduced iron, thiamine mononitrate, riboflavin, fol","en:e101,en:e101i,en:e322,en:e322i,en:e375",Low,,https://images.openfoodfacts.org/images/products/001/115/095/0374/front_en.jpg
12000012792,"Diet Green Tea, Citrus Flavor With Other Natural Flavors","Lipton,  Unilever",,,United States,"Water, citric acid, sodium hexametaphosphate (to protect flavor), green tea, natural flavor, ascorbic acid (vitamin c), phosphoric acid, potassium sorbate (preserves freshness), aspartame, acesulfame potassium, citrus pectin, calcium disodium edta (to pro","en:e202,en:e300,en:e330,en:e338,en:e385,en:e440,en:e440i,en:e950,en:e951",High,,https://images.openfoodfacts.org/images/products/001/200/001/2792/front_en.jpg
23923400542,Organic Peach Oatmeal Banana,Earth's Best,,,United States,"Organic fruits (organic peaches, organic apples, organic bananas), water, organic whole grain oat flour, ascorbic acid (vitamin c), citric acid.","en:e300,en:e330",Low,,https://images.openfoodfacts.org/images/products/002/392/340/0542/front_en.jpg
11110786715,Natural Applesauce,Kroger,,,United States,"Apples, water, ascorbic acid (to maintain color).",en:e300,Low,,https://images.openfoodfacts.org/images/products/001/111/078/6715/front_en.jpg
30223006329,Organic Spinach Medley,Taylor Farms,,,United States,"Organic baby spinach, organic arugula, organic radicchio.",,Low,,https://images.openfoodfacts.org/images/products/003/022/300/6329/front_en.jpg
25317005890,"Naturals Breakfast Sausage Patties, Chicken & Apple",Applegate,,,United States,"Chicken**, dried apples, water. contains less than 2% of the following: honey, salt, spices, parsley.",,Low,,https://images.openfoodfacts.org/images/products/002/531/700/5890/front_en.jpg
36800164499,"Organic Beef Jerky, Original","Full Circle Market,  Topco Associates  Inc.",,,United States,"Organic beef, organic sugar, water, organic apple cider vinegar, salt, yeast extract, organic black pepper, seasoning (celery powder, salt, lactic acid culture), organic garlic powder, natural smoke flavoring.",,Low,,https://images.openfoodfacts.org/images/products/003/680/016/4499/front_en.jpg
11111119031,"Busch's, Organic Great Northern Beans",Unilever Home And Personal Care Usa,,,United States,"Water, organic great northern beans, sea salt",,Low,,https://images.openfoodfacts.org/images/products/001/111/111/9031/front_en.jpg
34700012193,All Natural Cut Italian Green Beans,Allens,,,United States,"Italian green beans, water, salt.",,Medium,,https://images.openfoodfacts.org/images/products/003/470/001/2193/front_en.jpg
21908450131,"Organic Oatmeal Squares, Wild Blueberry","Cascadian Farm,  Small Planet Foods  Inc.",,,United States,"Whole grain oats*, whole grain oat flour*, sugar+*, sunflower oil*, tapioca syrup*, dried blueberries*, (blueberries, sugar), glycerin, honey*, molasses*, raisin juice concentrate*, baking soda, dried egg whites*, sea salt, vanilla extract*, cream*, natur",en:e422,Low,,https://images.openfoodfacts.org/images/products/002/190/845/0131/front_en.jpg
11150982610,"Organic, Organic Three Bean Blend","Simply Roundy's,  Simply Roundy's Organic",,,United States,"Water, organic garbanzo beans, organic dark red kidney beans, organic pinto beans, sea salt.",,Low,,https://images.openfoodfacts.org/images/products/001/115/098/2610/front_en.jpg
375313,"Organic Dried Fruit, Cranberries",Trader Joe's,,,United States,"Organic cranberries, organic sugar, organic sunflower oil.",,Low,,https://images.openfoodfacts.org/images/products/000/000/037/5313/front_en.jpg
25400058970,Natural Cheddar Cheese,Hoffman's,,,United States,"Cultured pasteurized milk, salt, enzymes. annatto (color) added to colored variety.",en:e160b,Low,,https://images.openfoodfacts.org/images/products/002/540/005/8970/front_en.jpg
24126013249,"Healthy Life, Wheat Hot Dog Buns",Lewis Bakeries  Inc.,,,United States,"Water, unbleached enriched wheat flour [flour, barley malt, niacin (vitamin b3), iron, thiamin mononitrate (vitamin b1), riboflavin (vitamin b2), folic acid (vitamin b9), soy fiber, yeast, whole wheat flour, sugar, wheat gluten, contains 2% or less of the following: salt, molasses, dough conditioners (ethoxylated mono and diglycerides, monoglyceride, sodium stearoyl lactylate, ascorbic acid), calcium propionate (to retain freshness), yeast nutrients (calcium sulfate, monocalcium phosphate, ammonium sulfate), fumaric acid, sodium propionate, potassium sorbate and calcium acetate (to retain freshness), wheat starch, soy lecithin.","en:e101,en:e101i,en:e263,en:e281,en:e282,en:e297,en:e300,en:e322,en:e322i,en:e341,en:e341i,en:e375,en:e471,en:e481,en:e516,en:e517",Medium,,https://images.openfoodfacts.org/images/products/002/412/601/3249/front_en.jpg
41303014165,Naturally Hardwood Smoked Bacon,Essential Everyday,,,United States,"Cured with: water, salt, sugar, sodium phosphate, sodium erythorbate, sodium nitrite.","en:e250,en:e316,en:e339",Low,,https://images.openfoodfacts.org/images/products/004/130/301/4165/front_en.jpg
31200039439,"Wave, Apple White Cranberry Juice Drink From Concentrate With Other Natural Flavors, Berry Medley With White Cranberries","Ocean Spray,  Ocean Spray Cranberries  Inc.",,,United States,"Filtered water, cane or beet sugar, apple juice from concentrate, white cranberry juice from concentrate, fumaric acid, malic acid, natural flavors, citric acid, ascorbic acid (vitamin c), carrot extract for color","en:e296,en:e297,en:e300,en:e330",Low,,https://images.openfoodfacts.org/images/products/003/120/003/9439/front_en.jpg
22506421370,Organic Extra Virgin Olive Oil,"Spectrum,  The Hain Celestial Group  Inc.",,,United States,First cold pressed extra virgin unrefined organic olive oil.,,Low,,https://images.openfoodfacts.org/images/products/002/250/642/1370/front_en.jpg
41220021857,"Organic Italian Soda, Muscat Grape","Central Market,  H E Butt Grocery Company",,,United States,"Carbonated water, organic grape juice from concentrate organic sugar, tartaric acid, natural flavors.",en:e334,Low,,https://images.openfoodfacts.org/images/products/004/122/002/1857/front_en.jpg
32601900526,Organic Herb Blend,Earthbound Farm,,,United States,"Organic baby lettuces (red & green romaine, red & green oak leaf, red leaf, lollo rosa, tango), organic red & green chard, organic mizuna, organic baby spinach, organic arugula, organic frisee, organic radicchio, organic parsley, organic dill, organic cilantro.",,Low,,https://images.openfoodfacts.org/images/products/003/260/190/0526/front_en.jpg
23923206571,"Gluten Free French Toast Sticks, Cinnamon","Earth's Best,  The Hain Celestial Group  Inc.",,,United States,"Water, whole grain brown rice flour, vegetable oil (canola and/or soybean oil), corn starch, potato starch, organic evaporated cane syrup, corn flour, organic tapioca starch, potato flour, contains 2% or less of: leavening (sodium acid pyrophosphate, sodi",en:e450,Low,,https://images.openfoodfacts.org/images/products/002/392/320/6571/front_en.jpg
22506002487,"Naturals, Organic Distilled White Vinegar","Spectrum,  Spectrum Naturals",,,United States,"Organic distilled vinegar, diluted with water to 5% acidity.",,Medium,,https://images.openfoodfacts.org/images/products/002/250/600/2487/front_en.jpg
39631000417,"Edward & Sons, Unsalted Plain Organic Brown Rice Snaps",Edward & Sons Trading Company Co.  Inc.,,,United States,"Organic brown rice flour, organic white rice flour",,Low,,https://images.openfoodfacts.org/images/products/003/963/100/0417/front_en.jpg
24182111514,"Organic Pasta, Kamut Spirals",Eden Foods  Inc.,,,United States,Organic whole grain kamut wheat,,Low,,https://images.openfoodfacts.org/images/products/002/418/211/1514/front_en.jpg
13764027602,Organic Good Seed Rock 'N' Rolls,Dave's Killer Bread,,,United States,"Organic flour (organic wheat flour, organic whole wheat flour), water, organic dried cane syrup (sugar), good seed mix (organic whole flax seeds, organic sunflower seeds, organic un-hulled brown sesame seeds, organic ground whole flax seeds, organic un-hu",,Low,,https://images.openfoodfacts.org/images/products/001/376/402/7602/front_en.jpg
21908407739,"Organic Granola Cereal, Fruit And Nut","Cascadian Farm,  Small Planet Foods  Inc.",,,United States,"Whole grain oats*, cane sugar*, rice*, sunflower oil*, raisins*, sunflower seeds*, almonds*, cranberries*, molasses*, sea salt, vanilla extract*. vitamin e (mixed tocopherols) added to preserve freshness.",,Medium,,https://images.openfoodfacts.org/images/products/002/190/840/7739/front_en.jpg
32601902674,"Organic, Deep Green Blends Organic Power",Earthbound Farm,,,United States,"Organic baby spinach, organic red and green chard, organic baby kale. the ingredients in each package may vary.",,Medium,,https://images.openfoodfacts.org/images/products/003/260/190/2674/front_en.jpg
15532100968,Organic Extra Virgin Olive Oil,Montebello,,,United States,"Certified organic extra virgin olive oil,",,Low,,https://images.openfoodfacts.org/images/products/001/553/210/0968/front_en.jpg
23923100442,"Organic, Infant Formula With Iron Milk-Based Powder","Earth's Best,  Earth's Best Organic",,,United States,"Organic nonfat milk, organic lactose, organic oils (organic palm or palm olein, organic soy, organic coconut, organic high oleic safflower or sunflower oil), organic glucose syrup solids, organic whey protein concentrate. less than 1%: mortierella alpha oil*, crypthecodinium cohnii oil**, lutein, vitamin a palmitate, beta-carotene, vitamin d (cholecalciferol), vitamin e (dl-alpha tocopheryl acetate), mixed tocopherol concentrate, vitamin k (phytonadione), ascorbylpalmitate, thiamin hydrochloride, riboflavin, pyridoxine hydrochloride, cyanocobalamin, niacinamide, folic acid, calcium pantothenate, biotin, ascorbis acid, choline bitartrate, inositol, calcium carbonate, calcium chloride, calcium hydroxide, ferrous sulfate, zinc sulfate, ascorbic acid, choline bitartrate, magnesium phosphate, potassium bicarbonate, potassium chloride, potassium iodide, potassium hydroxide, potassium phosphate, sodium selenite, sodium citrate, taurine, organic soy lecithin, nucleotides (cytidine-5'-monophosphate, adenosine-5'-monophosphate, disodium uridine-5'-monophosphte, disodium guanosine-5'-monophosphate, disodium-5'-monophosphate).","en:e101,en:e101i,en:e160a,en:e160ai,en:e161b,en:e170,en:e300,en:e322,en:e322i,en:e331,en:e340,en:e343,en:e501,en:e501ii,en:e508,en:e509,en:e516,en:e525,en:e526",Medium,,https://images.openfoodfacts.org/images/products/002/392/310/0442/front_en.jpg
41000022661,Rice & Pasta Blend In A Savory Chicken Flavored Sauce With Other Natural Flavor,Unilever,,,United States,"Enriched parboiled long grain rice [rice, niacin, ferric orthophosphate (iron), thiamine mononitrate (vitamin b1), folic acid], enriched vermicelli [wheat and durum flour, niacin, ferrous sulfate (iron), thiamine mononitrate (vitamin b1), riboflavin (vitamin b2), folic acid], corn starch, maltodextrin, chicken fat (with rosemary extract to protect quality), hydrolyzed soy protein, corn syrup*, salt, chicken powder, onion powder, sugar, potassium chloride, carrots*, parsley, yeast extract, natural flavor, disodium guanylate, disodium inosinate, extract of turmeric (color), spice.","en:e101,en:e101i,en:e375,en:e508,en:e627,en:e631",Medium,,https://images.openfoodfacts.org/images/products/004/100/002/2661/front_en.jpg
12000024542,"Diet Green Tea, Citrus Flavor With Other Natural Flavors","Lipton,  Unilever",,,United States,"Water, citric acid, sodium hexametaphosphate (to protect flavor), green tea, natural flavor, ascorbic acid (vitamin c), phosphoric acid, potassium sorbate (preserves freshness), aspartame, acesulfame potassium, citrus pectin, calcium disodium edta (to pro","en:e202,en:e300,en:e330,en:e338,en:e385,en:e440,en:e440i,en:e950,en:e951",High,,https://images.openfoodfacts.org/images/products/001/200/002/4542/front_en.jpg
35826087522,"Omazing Orange, Omazing Orange, Orange Flavoured Soda With Other Natural Flavors","Food Lion,  Food Town Stores Inc.",,,United States,"Carbonated water, high fructose corn syrup, citric acid, potassium benzoate (preservative), gum acacia, natural flavor, ester gum, yellow 6, brominated vegetable oil, red 40.","en:e110,en:e129,en:e212,en:e330,en:e443,en:e445",Medium,,https://images.openfoodfacts.org/images/products/003/582/608/7522/front_en.jpg
24182002225,"Organic, Lunderg, Brown Rice & Kidney Beans","Eden,  Eden Organic",,,United States,"Water, organic short grain brown rice, organic kidney beans, organic onion flakes, organic garlic powder, sea salt, organic parsley flakes.",,Low,,https://images.openfoodfacts.org/images/products/002/418/200/2225/front_en.jpg
20662005809,Organics Italian Dressing,"Newman's Own,  Newman's Own  Inc.",,,United States,"Organic soybean oil, organic distilled vinegar, water, organic apple cider vinegar, salt, organic cane sugar, organic garlic puree, contains 2% or less of: organic spices, organic garlic*, organic onion*, organic ground mustard seed, organic red bell pepp",,Low,,https://images.openfoodfacts.org/images/products/002/066/200/5809/front_en.jpg
25293600737,Vanilla Silk,Silk,"Plant-based foods and beverages,Beverages,Plant-based foods,Legumes and their products,Dairies,Plant-based beverages,Milk substitute,Milks,Plant milks,Legume milks,Soy milks,Non-sugared beverages",en:organic,Canada,"organic soy base (filtered water, organic soybeans), organic cane sugar, gellan gum, natural vanilla flavour, sea salt, sodium bicarbonate","en:e418,en:e500,en:e500ii",Low,,https://images.openfoodfacts.org/images/products/002/529/360/0737/front_en.jpg
22014640201,"North Coast, Organic Apple Cider",Manzana Products Co Inc,,,United States,"Pasteurized, unfiltered cider from 100% certified organic apples.",,Low,,https://images.openfoodfacts.org/images/products/002/201/464/0201/front_en.jpg
25400564037,Natural Vermont Cheddar Cheese,Hoffman's,,,United States,"Pasteurized milk, cheese culture, salt, enzymes.",,Low,,https://images.openfoodfacts.org/images/products/002/540/056/4037/front_en.jpg
15400118156,Organic Sliced Provolone Cheese,Natural Directions,,,United States,"Pasteurized organic milk, cheese culture, salt, and enzymes.",,Low,,https://images.openfoodfacts.org/images/products/001/540/011/8156/front_en.jpg
36800422841,"Organic Juice Smoothie, Berry Veggie","Full Circle Market,  Topco Associates  Inc.",,,United States,"Organic apple juice from concentrates (water, organic apple puree concentrate, organic apple juice concentrate), organic carrot juice from concentrate (water, organic carrot juice concentrate), organic beet juice concentrate, organic blueberry puree, orga",,Low,,https://images.openfoodfacts.org/images/products/003/680/042/2841/front_en.jpg
21908455518,Organic Raisin Bran,"Cascadian Farm,  Small Planet Foods  Inc.",,,United States,"Whole grain wheat*, wheat bran*, raisins*, sugar*, oat fiber*, sea salt, malted barley extract*, vitamin e (mixed tocopherols) added to retain freshness.",,Low,,https://images.openfoodfacts.org/images/products/002/190/845/5518/front_en.jpg
32601902810,Organic Deep Green Blends Zen,Earthbound Farm,,,United States,"Organic baby spinach, organic pak-choi, organic mizuna, organic komatsuna, organic baby kale, organic baby chard, organic baby tatsoi, organic baby mustard, organic baby collard.",,Medium,,https://images.openfoodfacts.org/images/products/003/260/190/2810/front_en.jpg
11110612380,"Sugar Free Gelatin Dessert, Cherry","Kroger,  The Kroger Co.",,,United States,"Gelatin, adipic acid, disodium phosphate, artificial flavor, fumaric acid, contains 2% or less of: aspartame*, red 40, acesulfame potassium, salt.","en:e129,en:e297,en:e339,en:e339ii,en:e355,en:e428,en:e950,en:e951",Low,,https://images.openfoodfacts.org/images/products/001/111/061/2380/front_en.jpg
11213384306,Natural Sharp Cheddar Cheese,Spartan,,,United States,"Pasteurized milk, cheese culture, salt, enzymes and annatto [vegetable color].",en:e160b,Low,,https://images.openfoodfacts.org/images/products/001/121/338/4306/front_en.jpg
23923900028,Organic Whole Grain Multi-Grain Cereal,Earth's Best,,,United States,"Organic whole grain barley flour, organic whole grain oat flour, organic whole grain spelt (wheat) flour, vitamins & minerals (calcium phosphate, ferric pyrophosphate, folic acid, alpha tocopheryl acetate (vitamin e), niacinamide (vitamin b3), zinc oxide, cyanocobalamin (vitamin b12), thiamine mononitrate (vitamin b1), riboflavin (vitamin b2), pyridoxine hydrochloride (vitamin b6)), alpha amylase (enzyme).","en:e101,en:e101i,en:e1100,en:e341,en:e450",Medium,,https://images.openfoodfacts.org/images/products/002/392/390/0028/front_en.jpg
16291442368,100% Organic Parsley,Morton & Bassett Spices,,,United States,Contains: certified 100% organic parsley,,Low,,https://images.openfoodfacts.org/images/products/001/629/144/2368/front_en.jpg
16291442566,100% Organic Turmeric,Morton & Bassett Spices,,,United States,Contains: certified 100% organic turmeric,,Low,,https://images.openfoodfacts.org/images/products/001/629/144/2566/front_en.jpg
24000551171,"Fruit Naturals, Bartlett Pear Chunks In Extra Light Syrup",Del Monte,,,United States,"Pears, water, sugar, citric acid, preservatives (ascorbic acid, potassium sorbate, sodium benzoate).","en:e202,en:e211,en:e300,en:e330",Medium,,https://images.openfoodfacts.org/images/products/002/400/055/1171/front_en.jpg
41190459520,Organic Whole Milk,"Shoprite,  Wakefern Food Corporation",,,United States,Organic grade a milk and vitamin d3.,,Low,,https://images.openfoodfacts.org/images/products/004/119/045/9520/front_en.jpg
11150982924,"Organics, Chili Beans, In Mild Sauce",Roundy's,,,United States,"Water, organic pinto beans, organic tomato paste, organic chili powder (organic chili peppers, organic spices, sea salt, organic garlic, silicon dioxide), sea salt, organic canola oil.",en:e551,Low,,https://images.openfoodfacts.org/images/products/001/115/098/2924/front_en.jpg
37014000245,"Natural Creme Filled Dark Chocolate, Blueberry Vanilla",Endangered Species Chocolate,,,United States,"Dark chocolate (*chocolate liquor, cane sugar, *cocoa butter, soy lecithin, vanilla), powdered cane sugar (cane sugar, cornstarch), **organic palm oil, natural flavor, sunflower lecithin.","en:e322,en:e322i",Low,,https://images.openfoodfacts.org/images/products/003/701/400/0245/front_en.jpg
34538857652,"Smith Brothers Farms, Tony's Coffee, Organic Cold Brew Coffee",Smith Bros. Farms Inc.,,,United States,"Organic whole milk, organic cold brew coffee, organic cane sugar, vitamin a palmitate and vitamin d3 added.",,Low,,https://images.openfoodfacts.org/images/products/003/453/885/7652/front_en.jpg
15400108065,Natural Swiss Cheese,Western Family,,,United States,"Part-skim milk, cheese culture, salt, enzymes.",,Low,,https://images.openfoodfacts.org/images/products/001/540/010/8065/front_en.jpg
41000072383,"Superfruit Green Tea, Red Goji Raspberry Flavor With Other Natural Flavor","Lipton,  Unilever",,,United States,"Green tea, hibiscus flowers, rosehips, natural flavor, soy lecithin, blueberry juice solids, concentrated goji juice solids, blueberry juice concentrate, cherry juice concentrate.","en:e322,en:e322i",Medium,,https://images.openfoodfacts.org/images/products/004/100/007/2383/front_en.jpg
41000022982,Fettuccini In A Creamy Chicken Flavored Sauce With Other Natural Flavor,Unilever,,,United States,"Enriched macaroni product [semolina and durum flour (wheat), niacin, ferrous sulfate (iron), thiamin mononitrate (vitamin b1), riboflavin (vitamin b2), folic acid], whey, hydrolyzed soy protein, corn starch, cream cheese (pasteurized milk, cream, cheese cultures, salt, carob bean gum), salt, carrots*, maltodextrin, sodium citrate, onion powder, potassium chloride, natural flavor (milk), parsley, disodium guanylate, disodium inosinate, sugar, yeast extract, spice, chicken broth*, chicken fat, extract of turmeric (color), nonfat milk*.","en:e101,en:e101i,en:e331,en:e375,en:e410,en:e508,en:e627,en:e631",Medium,,https://images.openfoodfacts.org/images/products/004/100/002/2982/front_en.jpg
11150110518,"Organic Garlic & Herb Parmesan Quinoa, Garlic & Herb",Simply Roundy's,,,United States,"Organic quinoa, organic dehydrated onion, organic herbs, organic parmesan cheese powder [(pasteurized organic milk, salt, cheese culture, enzymes), sodium phosphates], organic sweet whey powder, organic dehydrated garlic, sea salt.",en:e339,Low,,https://images.openfoodfacts.org/images/products/001/115/011/0518/front_en.jpg
11213515236,Original Strawberry With Other Natural Flavor,Spartan,,,United States,"Cultured pasteurized grade a low fat milk, sugar, strawberries, water, modified food starch, calcium phosphate, natural flavor, pectin, carrageenan, fruit and vegetable juice (color), citric acid, annatto extract color, potassium sorbate (to maintain freshness), vitamin s palmitate, vitamin d3.","en:e202,en:e330,en:e341,en:e407,en:e440,en:e440i",Medium,,https://images.openfoodfacts.org/images/products/001/121/351/5236/front_en.jpg
41220974917,"Organics, Lentil Soup",H-E-B,,,United States,"Filtered water, lentils*, carrot*, celery*, vegetable base* (vegetables* [carrot*, onion*, celery*], sea salt, cane sugar*, canola oil*, carrot powder*, potato flour*, onion powder*, black pepper*), corn starch*, tomato paste* (tomatoes*, citric acid), spinach*, cane sugar*, sea salt, onion powder*, garlic powder*, citric acid. *organic.",en:e330,Low,,https://images.openfoodfacts.org/images/products/004/122/097/4917/front_en.jpg
36800426528,"Organic Soup, Potato & Broccoli","Full Circle Market,  Topco Associates  Inc.",,,United States,"Water, potatoes*, broccoli*, cream*, onions*, butter* (cream*, salt), garlic*, vegetable base* (vegetables* and concentrated vegetables* [carrots*, celery*, onion*, tomato*], salt, yeast paste*, cane sugar*, soy sauce* [water, soybeans*, salt], maltodextr",,Low,,https://images.openfoodfacts.org/images/products/003/680/042/6528/front_en.jpg
11150982719,Organic Tomato Paste,Roundy's,,,United States,"Organically grown and processed tomatoes, citric acid.",en:e330,Low,,https://images.openfoodfacts.org/images/products/001/115/098/2719/front_en.jpg
25317005500,Organic Chicken Strips,Applegate,,,United States,"Organic chicken***, water, organic rice starch, sea salt, natural flavor, breaded with: organic wheat flour, organic cane sugar, sea salt, yeast, organic soybean oil, organic paprika, battered with: water, organic wheat flour, sea salt, organic garlic, organic white pepper, organic flavorings (organic rosemary, organic sage and organic marjoram), organic cayenne pepper, breading is set in organic expeller pressed vegetable oil.",,Low,,https://images.openfoodfacts.org/images/products/002/531/700/5500/front_en.jpg
39047001060,Pure Butter Shortbread Rounds,Walkers,,,United States,"Wheat flour (wheat flour, calcium carbonate, iron, niacin, thiamin), butter (milk) (32%), sugar, salt.","en:e170,en:e375",Low,,https://images.openfoodfacts.org/images/products/003/904/700/1060/front_en.jpg
409780,Trader Joe's: Chocolately Coated Chocolate Chip Dunkers,Trader's Joe,,en:organic,France,"ENRICHED FLOUR (WHEAT FLOUR, MALTED BARLEY FLOUR, NIACIN, REDUCED IRON, THIAMINE MONONITRATE, RIBOFLAVIN, FOLIC ACID), SUGAR, COATING (SUGAR, PALM KERNEL AND PALM OILS, cocoA POWER WITH ALKALII, DRIED BUTTERMILK POWER, soy LECITHIN, NATURAL FLAVORS), CHIPS (SUGAR, CHOCOLATE,COCOA BUTTER, DEXTROSE soy LECITHIN), PALM OIL, cocoNUT, EGG WAITES, NATURAL FLAVOR, SODIUM BICARBONATE, SALT, MOLASSES. MADE ON EQUIPMENT SHARED WITH PEANUTS AND TREE NIJTs. DIST. & EXCLUSIVELY BY: TRADER JOE's, M0NR0VIA, CA 91016 040978B","en:e101,en:e101i,en:e375,en:e500,en:e500ii",Low,,https://images.openfoodfacts.org/images/products/000/000/040/9780/front_en.jpg
13562001262,"Bernie's Farms, Organic Fruit Snacks, Natural Strawberry, Raspberry & Orange",Annie's,,,United States,"Organic tapioca syrup, organic cane sugar, organic pear juice concentrate, organic vegetable juices from concentrate (carrot, sweet potato [organic lemon juice concentrate]), organic tapioca syrup solids, citrus pectin, citric acid, sodium citrate, natura","en:e330,en:e331,en:e440,en:e440i",Medium,,https://images.openfoodfacts.org/images/products/001/356/200/1262/front_en.jpg
176828,soda water,by sainsbury's,Carbonated-soda-water,"en:vegetarian,en:vegan",United Kingdom,"Carbonated Water, Sodium Hydrogen Carbonate","en:e500,en:e500ii",Low,,https://images.openfoodfacts.org/images/products/000/000/017/6828/front_en.jpg
41387005011,"Totally Light, Green Tea Liquid Water Enhancer, Honey & Natural Lemon","4c,  4c Foods Corp.",,,United States,"Water, propylene glycol, citric acid, purified polyphenols (antioxidants), honey, acesulfame potassium, sucralose, instant green tea, caramel color, natural lemon flavor & other natural flavors, potassium sorbate (preservative).","en:e150a,en:e1520,en:e202,en:e330,en:e950,en:e955",High,,https://images.openfoodfacts.org/images/products/004/138/700/5011/front_en.jpg
11213024790,Pure Premium Orange Juice,Spartan,,,United States,"100% orange juice, tricalcium phosphate, calcium lactate, vitamin d3.","en:e327,en:e341,en:e341iii",Low,,https://images.openfoodfacts.org/images/products/001/121/302/4790/front_en.jpg
11110868701,Gluten Free Spaghetti Macaroni Product,Simple Truth Organic,,,United States,"Organic brown rice flour, organic amaranth flour, organic quinoa flour.",,Low,,https://images.openfoodfacts.org/images/products/001/111/086/8701/front_en.jpg
34500641296,Pure & Creamy Sour Cream,Land O Lakes,,,United States,"Cultured milk, cream, nonfat milk, enzyme.",,Low,,https://images.openfoodfacts.org/images/products/003/450/064/1296/front_en.jpg
41220906710,"Natural, Uncured Bacon, Applewood Smoked",H-E-B,,,United States,"Pork, water, sea salt, natural cane sugar, celery powder.",,Low,,https://images.openfoodfacts.org/images/products/004/122/090/6710/front_en.jpg
41116101106,"Diamond Collection Sugar Free Candy, Strawberry",Ringpop,,,United States,"Maltitol, buffered lactic acid, natural and artificial flavors, sucralose.","en:e270,en:e955,en:e965,en:e965i",Low,,https://images.openfoodfacts.org/images/products/004/111/610/1106/front_en.jpg
16571910372,Pink Grapefruit Naturally Flavored Sparkling Mountain Spring Water,Talkingrain Beverage Company,,,United States,"Carbonated mountain spring water, grapefruit juice concentrate, natural flavors, citric acid, potassium benzoate (to ensure freshness), sucralose, green tea  extract, calcium disodium edta (to protect flavor), red #40, biotin 1% trit. (maltodextrin), niac","en:e129,en:e212,en:e330,en:e385,en:e955",Medium,,https://images.openfoodfacts.org/images/products/001/657/191/0372/front_en.jpg
13971000214,Simply Cinnamon Cruncy Apple Chips,bare,,"en:organic,en:usda-organic,en:non-gmo-project-verified",United States,"Organic apples, organic cinnamon",,Low,,https://images.openfoodfacts.org/images/products/001/397/100/0214/front_en.jpg
20601407732,Organic Blue Corn Tortillas Chips,Heinen's,,,United States,"Organic corn, organic (canola, sunflower and/or safflower) oil, sea salt.",,Low,,https://images.openfoodfacts.org/images/products/002/060/140/7732/front_en.jpg
41000054136,"Frozen Toasted Almond Dessert Bar, Naturally And Artificially Flavored","Good Humor,  Unilever",,,United States,"Nonfat milk, cake crunch with almonds (bleached wheat flour, almonds, sugar, palm oil, artificial flavor, caramel color, salt, sodium bicarbonate, soy lecithin), corn syrup, sugar, water, palm oil, soybean oil, coconut oil, contains 2% or less of each of the following: whey, mono and diglycerides, locust bean gum, guar gum, carrageenan, natural and artificial flavor, caramel color, high fructose corn syrup, annatto (for color), vitamin a palmitate.","en:e150a,en:e160b,en:e322,en:e322i,en:e407,en:e410,en:e412,en:e471,en:e500,en:e500ii",Medium,,https://images.openfoodfacts.org/images/products/004/100/005/4136/front_en.jpg
41000119217,"Low Calorie Diet Iced Tea Mix, Peach Flavor With Other Natural Flavor","Lipton,  Unilever",,,United States,"Maltodextrin, malic acid (provides tartness), instant tea powder, aspartame* (sweetener), acesulfame potassium (non-nutritive sweetener), magnesium oxide (prevents caking), natural flavor, peach juice solids. sweetened with a nutritive sweetener and a non-nutritive sweetener","en:e296,en:e530,en:e950,en:e951",Medium,,https://images.openfoodfacts.org/images/products/004/100/011/9217/front_en.jpg
41268166756,Natural Sharp Cheddar Cheese,Hannaford,,,United States,"Pasteurized milk, cheese culture, salt, enzymes, annatto (vegetable color).",en:e160b,Low,,https://images.openfoodfacts.org/images/products/004/126/816/6756/front_en.jpg
15400191586,"Organic Sparkling Italian Soda, Pomegrante",Natural Directions,,,United States,"Carbonated water, organic sugar, organic apple and pomegranate juice from concentrate, citric acid, natural pomegranate flavor, organic black carrot juice from concentrate (for color).",en:e330,Low,,https://images.openfoodfacts.org/images/products/001/540/019/1586/front_en.jpg
13764027169,Organic Seeded Honey Wheat Bread,Dave's Killer Bread,,,United States,"Organic whole wheat (organic whole wheat flour, organic cracked whole wheat), water, organic honey, organic wheat gluten, organic oat fiber, organic rolled whole wheat, yeast, organic dried cane syrup (sugar), organic sunflower seeds, organic molasses, sea salt, organic cultured whole wheat, organic ground whole flax seeds, organic barley malt.",,Low,,https://images.openfoodfacts.org/images/products/001/376/402/7169/front_en.jpg
41000346491,"Chai Black Tea With Real Spices, Cane Sugar And Natural Flavor, K-Cup Pods","Lipton,  Unilever",,,United States,"Sugar, black tea, cinnamon, ginger root, maltodextrin, allspice, cloves, black pepper, chicory root, sucralose (non-nutritive sweetener), natural flavor, soy lecithin.","en:e322,en:e322i,en:e955",High,,https://images.openfoodfacts.org/images/products/004/100/034/6491/front_en.jpg
22506002401,"Naturals, Organic Mayonnaise Made With Cage Free Eggs",Spectrum,,,United States,"Organic expeller pressed soy and/or canola oil, organic whole eggs, organic egg yolks, filtered water, organic honey, organic distilled white vinegar, sea salt, organic mustard (organic distilled vinegar, water, organic mustard seed, salt, organic spices), organic lemon juice concentrate.",,Medium,,https://images.openfoodfacts.org/images/products/002/250/600/2401/front_en.jpg
36800049802,Organic Whole Wheat Spaghetti Product,"Full Circle,  Topco",,,United States,100% certified organic hard amber drum whole wheat,,Low,,https://images.openfoodfacts.org/images/products/003/680/004/9802/front_en.jpg
20601407763,All Natural Veggie Chips,Heinen's,,,United States,"Potato flour, sunflower and/or safflower and/or canola oil, potato starch, tomato powder, spinach powder, sea salt.",,Low,,https://images.openfoodfacts.org/images/products/002/060/140/7763/front_en.jpg
11150982443,"Organic, Brown Mustard","Simply Roundy's,  Simply Roundy's Organic",,,United States,"Organic apple cider vinegar, filtered water, organic whole mustard seed, sea salt.",,Low,,https://images.openfoodfacts.org/images/products/001/115/098/2443/front_en.jpg
23923200135,Organic Apples & Apricots,Earth's Best,,,United States,"Organic apples, organic apricots, ascorbic acid (vitamin c).",en:e300,Low,,https://images.openfoodfacts.org/images/products/002/392/320/0135/front_en.jpg
24000507857,"Fruit Naturals, Red Grapefruit",Del Monte,,,United States,"Red grapefruit, water, sugar, preservatives (ascorbic acid, potassium sorbate, sodium benzoate), citric acid.","en:e202,en:e211,en:e300,en:e330",Medium,,https://images.openfoodfacts.org/images/products/002/400/050/7857/front_en.jpg
41420212949,Organic Gummy Bears,"Black Forest,  Ferrara Candy Company",,,United States,"Organic tapioca syrup, organic cane sugar, gelatin, organic lemon juice concentrate, organic tapioca starch, organic potato starch, agar, citric acid, organic sunflower oil*, colors (black carrot juice, carrot juice, turmeric, red beet extract), natural f","en:e330,en:e406,en:e428",Low,,https://images.openfoodfacts.org/images/products/004/142/021/2949/front_en.jpg
35826541437,Natural Sharp Cheddar Cheese,"Food Lion,  Food Town Stores Inc.",,,United States,"Pasteurized milk, cheese culture, salt, enzymes, annatto (vegetable color).",en:e160b,Low,,https://images.openfoodfacts.org/images/products/003/582/654/1437/front_en.jpg
41497096282,100% Pure Orange Juice,Weis,,,United States,"Orange juice, tricalcium phosphate, calcium lactate, vitamin d3.","en:e327,en:e341,en:e341iii",Low,,https://images.openfoodfacts.org/images/products/004/149/709/6282/front_en.jpg
41268141753,Colby Jack Natural Cheese,"Hannaford,  Hannaford Bros. Co.",,,United States,"Pasteurized milk, cheese culture, salt, enzymes and annatto (vegetable color).",en:e160b,Low,,https://images.openfoodfacts.org/images/products/004/126/814/1753/front_en.jpg
11384016365,"Organic Lowfat Yogurt, Vanilla Velvet",Yami,,,United States,"Grade a pasteurized organic lowfat milk, organic sugar, organic tapioca starch, organic inulin, organic locust bean gum, pectin, organic vanilla flavor, carrageenan, lactase, citric acid, vitamin a, palmitate, vitamin d3 and live active cultures(s. themophilus, l. bulgaricus, l. acidphilus, bifido, lactis, l. rhamnosus, l. casel).","en:e330,en:e407,en:e410,en:e440,en:e440i",Medium,,https://images.openfoodfacts.org/images/products/001/138/401/6365/front_en.jpg
41271004977,"Coffee Creamer Singles, Natural Almond Joy","International Delight,  Dean Foods Company",,,United States,"Non-dairy product ingredients: water, sugar, palm oil, contains 2% or less of each of the following: sodium caseinate* ( a milk derivative), dipotassium phosphate, natural and artificial flavors, mono and diglycerides, sodium stearoyl lactylate, polysorba","en:e340,en:e340ii,en:e471,en:e481",Medium,,https://images.openfoodfacts.org/images/products/004/127/100/4977/front_en.jpg
30034096229,"Nature's Basket, Organic Juice, Orange","Giant Eagle,  Giant Eagle  Inc.",,,United States,"Filtered water, concentrated organic orange juice.",,Low,,https://images.openfoodfacts.org/images/products/003/003/409/6229/front_en.jpg
38119,Organic Toasted Buckwheat Groats,Pcc,,,United States,Organic toasted buckwheat groats,,Low,,https://images.openfoodfacts.org/images/products/000/000/003/8119/front_en.jpg
15400196369,Organic Dark Red Kidney Beans,Natural Directions,,,United States,"Organic kidney beans, water, sea salt.",,Low,,https://images.openfoodfacts.org/images/products/001/540/019/6369/front_en.jpg
32601900458,Organic Herb Blend,"Earthbound Farm Organic,  Earthbound Farm",,,United States,"Organic baby lettuces (red & green romaine, red & green oak leaf, red leaf, lollo rosa, tango), organic red & green chard, organic mizuna, organic baby spinach, organic arugula, organic frisee, organic radicchio, organic parsley, organic dill, organic cilantro.",,Low,,https://images.openfoodfacts.org/images/products/003/260/190/0458/front_en.jpg
36800137134,Organic Sweet Cream Slated Butter,,,,United States,"Pasteurized organic sweet cream, salt.",,Low,,https://images.openfoodfacts.org/images/products/003/680/013/7134/front_en.jpg
11110854131,"Rich & Creamy Lemon Frosting, Lemon Naturally Flavored","Kroger,  The Kroger Co.",,,United States,"Sugar, partially hydrogenated vegetable shortening (contains one or more of the following: partially hydrogenated soybean oil, cottonseed oil), water, high fructose corn syrup, contains 2% or less of: corn starch, modified wheat starch, emulsifiers (mono",,Medium,,https://images.openfoodfacts.org/images/products/001/111/085/4131/front_en.jpg
37600455305,"Natural Choice, Cracked Black Pepper Deli Turkey","Hormel,  Hormel Foods Corporation",,,United States,"Turkey breast meat, water, salt, potato starch, turbinado sugar, rice starch, carrageenan (from seaweed), baking soda, cultured celery powder, cherry powder.",en:e407,Medium,,https://images.openfoodfacts.org/images/products/003/760/045/5305/front_en.jpg
28744600041,All Natural Fabulous Mix,Ahold,,,United States,"Raisins, walnuts, sunflower pumpkin seeds. cashew pcs, almonds, brazil nuts, filberts.",,Low,,https://images.openfoodfacts.org/images/products/002/874/460/0041/front_en.jpg
41220987269,"Organics, Marinara Pasta Sauce",H-E-B,,,United States,"Organic tomato puree, organic tomatoes, organic garlic puree (organic garlic, water), organic soybean oil, organic extra virgin olive oil, organic sugar, salt, organic basil, organic oregano, organic black pepper.",,Low,,https://images.openfoodfacts.org/images/products/004/122/098/7269/front_en.jpg
36800383142,Organic Ground Beef,"Full Circle Market,  Topco Associates Llc",,,United States,100% grass fed organic ground beef,,Low,,https://images.openfoodfacts.org/images/products/003/680/038/3142/front_en.jpg
41250884767,100% Pure Orange Juice,"Meijer,  Meijer  Inc.",,,United States,"100% pure pasteurized orange juice, tricalcium phosphate* and vitamin d3*.",,Low,,https://images.openfoodfacts.org/images/products/004/125/088/4767/front_en.jpg
26395783168,"Aloe H2o, Organic Aloe Water, Coconut-Lime",Lodc Inc.,,,United States,"Purified water, organic aloe vera juice, organic cane sugar, natural flavors, citric acid, organic stevia extract",en:e330,Low,,https://images.openfoodfacts.org/images/products/002/639/578/3168/front_en.jpg
19646005430,Organic Apple Juice,Harmons Inc,,,United States,Pasteurized unfiltered juice from 100% certified organic apples.,,Low,,https://images.openfoodfacts.org/images/products/001/964/600/5430/front_en.jpg
11110913425,Organic Tofu Extra Firm,Simple Truth Organic,,,United States,"Water, organic whole soybeans, magnesium chloride.",en:e511,Low,,https://images.openfoodfacts.org/images/products/001/111/091/3425/front_en.jpg
12511891671,Organic Honey,Wholesome Sweeteners  Inc.,,,United States,Organic honey*. *fair trade certified by fair trade usa,,Low,,https://images.openfoodfacts.org/images/products/001/251/189/1671/front_en.jpg
16741431119,"Benevolent Bacon, Vegan Bacon, Hickory & Sage",Sweet Earth Natural Foods,,,United States,"Filtered water, vital wheat gluten, extra virgin olive oil, red beans*, buckwheat groats*, vegan bacon natural flavors, natural hickory smoke, evaporated cane juice*, maple syrup*, natural soy sauce, garlic, sea salt, tomato paste, nutritional yeast, coco",,Low,,https://images.openfoodfacts.org/images/products/001/674/143/1119/front_en.jpg
21130048922,Natural Sharp White Cheddar Cheese,Lucerne,,,United States,"Pasteurized milk, cheese culture, salt, enzymes.",,Low,,https://images.openfoodfacts.org/images/products/002/113/004/8922/front_en.jpg
17869777257,"Naturalissima, Uncured Abruzzese Salami",Campofrio Food Group - America  Inc.,,,United States,"Pork, sea salt, contains less than 2% of the following: natural flavoring, turbinado sugar, wine, garlic, paprika, celery powder, lactic acid starter culture.",,Low,,https://images.openfoodfacts.org/images/products/001/786/977/7257/front_en.jpg
36800332553,Organic Fat Free Milk,"Full Circle Market,  Topco Associates  Inc.",,,United States,"Organic grade a fat free milk, vitamin a palmitate, vitamin d3.",,Low,,https://images.openfoodfacts.org/images/products/003/680/033/2553/front_en.jpg
41268166718,New York Natural Extra Sharp Cheddar Cheese,"Hannaford,  Hannaford Bros. Co.",,,United States,"Pasteurized milk, cheese culture, salt, enzymes, annatto (vegetable color).",en:e160b,Low,,https://images.openfoodfacts.org/images/products/004/126/816/6718/front_en.jpg
24182000702,Organic Tart Cherry Juice,"Eden,  Eden Foods  Inc.",,,United States,Organic montmorency cherry juice,,Low,,https://images.openfoodfacts.org/images/products/002/418/200/0702/front_en.jpg
